{
  "image_path": "Formes\\apple-4.gif",
  "image_name": "apple-4.gif",
  "shape_features": {
    "fourier_descriptors": [
      0.0,
      1.0,
      0.5351772962906827,
      0.1755258529819103,
      0.17910354339831222,
      0.39453092041716525,
      0.26338917318368443,
      0.12768381524333405,
      0.06740481573346235,
      0.15402937321224794,
      0.14857768106654326,
      0.10581114920809115,
      0.011891701645439774,
      0.03386261838931492,
      0.04464660464816668,
      0.020958763943819216,
      0.010959700626271518,
      0.015475980187664495,
      0.008953394604261177,
      0.009274340398531611
    ],
    "direction_histogram": [
      0.17826825380325317,
      0.08828523010015488,
      0.1477079838514328,
      0.08828523010015488,
      0.1731748729944229,
      0.07979626208543777,
      0.16808149218559265,
      0.07640068233013153
    ],
    "combined": [
      0.0,
      1.0,
      0.5351772962906827,
      0.1755258529819103,
      0.17910354339831222,
      0.39453092041716525,
      0.26338917318368443,
      0.12768381524333405,
      0.06740481573346235,
      0.15402937321224794,
      0.14857768106654326,
      0.10581114920809115,
      0.011891701645439774,
      0.03386261838931492,
      0.04464660464816668,
      0.020958763943819216,
      0.010959700626271518,
      0.015475980187664495,
      0.008953394604261177,
      0.009274340398531611,
      0.17826825380325317,
      0.08828523010015488,
      0.1477079838514328,
      0.08828523010015488,
      0.1731748729944229,
      0.07979626208543777,
      0.16808149218559265,
      0.07640068233013153
    ]
  },
  "texture_features": {
    "gabor_features": [
      0.06844986975193024,
      0.5554484128952026,
      0.267143577337265,
      1.073892593383789,
      0.4528021812438965,
      1.8115191459655762,
      0.0926700085401535,
      0.40465429425239563,
      0.24225826561450958,
      0.8209442496299744,
      0.5054773688316345,
      1.5416182279586792,
      0.0679229274392128,
      0.6447343230247498,
      0.2663019597530365,
      1.2113510370254517,
      0.4536827802658081,
      1.9522368907928467,
      0.0926700085401535,
      0.412183940410614,
      0.2422582507133484,
      0.8365078568458557,
      0.5054773688316345,
      1.4707828760147095
    ],
    "tamura_coarseness": 5.8785552978515625,
    "tamura_contrast": 90.57272338867188,
    "tamura_directionality": -1.530043125152588,
    "tamura_direction_histogram": [
      0.1535532921552658,
      0.039340101182460785,
      0.036802031099796295,
      0.0,
      0.16814720630645752,
      0.04060913622379303,
      0.04314720630645752,
      0.0,
      0.18274112045764923,
      0.041878171265125275,
      0.04060913622379303,
      0.0,
      0.1700507551431656,
      0.039340101182460785,
      0.04378172755241394,
      0.0
    ],
    "combined": [
      0.06844986975193024,
      0.5554484128952026,
      0.267143577337265,
      1.073892593383789,
      0.4528021812438965,
      1.8115191459655762,
      0.0926700085401535,
      0.40465429425239563,
      0.24225826561450958,
      0.8209442496299744,
      0.5054773688316345,
      1.5416182279586792,
      0.0679229274392128,
      0.6447343230247498,
      0.2663019597530365,
      1.2113510370254517,
      0.4536827802658081,
      1.9522368907928467,
      0.0926700085401535,
      0.412183940410614,
      0.2422582507133484,
      0.8365078568458557,
      0.5054773688316345,
      1.4707828760147095,
      5.8785552978515625,
      90.57272338867188,
      -1.530043125152588,
      0.1535532921552658,
      0.039340101182460785,
      0.036802031099796295,
      0.0,
      0.16814720630645752,
      0.04060913622379303,
      0.04314720630645752,
      0.0,
      0.18274112045764923,
      0.041878171265125275,
      0.04060913622379303,
      0.0,
      0.1700507551431656,
      0.039340101182460785,
      0.04378172755241394,
      0.0
    ]
  },
  "combined_feature_vector": [
    0.0,
    1.0,
    0.5351772962906827,
    0.1755258529819103,
    0.17910354339831222,
    0.39453092041716525,
    0.26338917318368443,
    0.12768381524333405,
    0.06740481573346235,
    0.15402937321224794,
    0.14857768106654326,
    0.10581114920809115,
    0.011891701645439774,
    0.03386261838931492,
    0.04464660464816668,
    0.020958763943819216,
    0.010959700626271518,
    0.015475980187664495,
    0.008953394604261177,
    0.009274340398531611,
    0.17826825380325317,
    0.08828523010015488,
    0.1477079838514328,
    0.08828523010015488,
    0.1731748729944229,
    0.07979626208543777,
    0.16808149218559265,
    0.07640068233013153,
    0.06844986975193024,
    0.5554484128952026,
    0.267143577337265,
    1.073892593383789,
    0.4528021812438965,
    1.8115191459655762,
    0.0926700085401535,
    0.40465429425239563,
    0.24225826561450958,
    0.8209442496299744,
    0.5054773688316345,
    1.5416182279586792,
    0.0679229274392128,
    0.6447343230247498,
    0.2663019597530365,
    1.2113510370254517,
    0.4536827802658081,
    1.9522368907928467,
    0.0926700085401535,
    0.412183940410614,
    0.2422582507133484,
    0.8365078568458557,
    0.5054773688316345,
    1.4707828760147095,
    5.8785552978515625,
    90.57272338867188,
    -1.530043125152588,
    0.1535532921552658,
    0.039340101182460785,
    0.036802031099796295,
    0.0,
    0.16814720630645752,
    0.04060913622379303,
    0.04314720630645752,
    0.0,
    0.18274112045764923,
    0.041878171265125275,
    0.04060913622379303,
    0.0,
    0.1700507551431656,
    0.039340101182460785,
    0.04378172755241394,
    0.0
  ]
}