{
  "image_path": "Formes\\apple-2.gif",
  "image_name": "apple-2.gif",
  "shape_features": {
    "fourier_descriptors": [
      0.0,
      1.0,
      0.8846513630908692,
      0.49018817950823507,
      0.15984648607109,
      0.1330505179272681,
      0.11832924241015265,
      0.26510262435871595,
      0.21537971306376444,
      0.2747905972390485,
      0.20795543380546658,
      0.1716031914931749,
      0.09435258359097952,
      0.05186502030048536,
      0.05323751801399503,
      0.07585691610592346,
      0.08648782839916072,
      0.0776630301138309,
      0.0627298081529177,
      0.03523680475096673
    ],
    "direction_histogram": [
      0.1720588207244873,
      0.09852941334247589,
      0.1352941244840622,
      0.09705882519483566,
      0.1661764681339264,
      0.09558823704719543,
      0.1455882340669632,
      0.08970588445663452
    ],
    "combined": [
      0.0,
      1.0,
      0.8846513630908692,
      0.49018817950823507,
      0.15984648607109,
      0.1330505179272681,
      0.11832924241015265,
      0.26510262435871595,
      0.21537971306376444,
      0.2747905972390485,
      0.20795543380546658,
      0.1716031914931749,
      0.09435258359097952,
      0.05186502030048536,
      0.05323751801399503,
      0.07585691610592346,
      0.08648782839916072,
      0.0776630301138309,
      0.0627298081529177,
      0.03523680475096673,
      0.1720588207244873,
      0.09852941334247589,
      0.1352941244840622,
      0.09705882519483566,
      0.1661764681339264,
      0.09558823704719543,
      0.1455882340669632,
      0.08970588445663452
    ]
  },
  "texture_features": {
    "gabor_features": [
      0.1415388137102127,
      0.4918413758277893,
      0.5523924231529236,
      1.0135273933410645,
      0.9362922310829163,
      1.733651041984558,
      0.19155298173427582,
      0.5105525851249695,
      0.5002924203872681,
      0.9901807308197021,
      1.0448284149169922,
      1.8306266069412231,
      0.14307880401611328,
      0.588779628276825,
      0.5530629754066467,
      1.311885118484497,
      0.932999312877655,
      2.050053358078003,
      0.19155296683311462,
      0.5178738236427307,
      0.5002924203872681,
      1.0391229391098022,
      1.0448284149169922,
      1.8725509643554688
    ],
    "tamura_coarseness": 7.629241943359375,
    "tamura_contrast": 126.94649505615234,
    "tamura_directionality": -1.4804434776306152,
    "tamura_direction_histogram": [
      0.1146496832370758,
      0.041932057589292526,
      0.041401274502277374,
      0.0,
      0.18524415791034698,
      0.04564755782485008,
      0.04617834463715553,
      0.0,
      0.15552017092704773,
      0.040870487689971924,
      0.03927813097834587,
      0.0,
      0.19639065861701965,
      0.04564755782485008,
      0.047239914536476135,
      0.0
    ],
    "combined": [
      0.1415388137102127,
      0.4918413758277893,
      0.5523924231529236,
      1.0135273933410645,
      0.9362922310829163,
      1.733651041984558,
      0.19155298173427582,
      0.5105525851249695,
      0.5002924203872681,
      0.9901807308197021,
      1.0448284149169922,
      1.8306266069412231,
      0.14307880401611328,
      0.588779628276825,
      0.5530629754066467,
      1.311885118484497,
      0.932999312877655,
      2.050053358078003,
      0.19155296683311462,
      0.5178738236427307,
      0.5002924203872681,
      1.0391229391098022,
      1.0448284149169922,
      1.8725509643554688,
      7.629241943359375,
      126.94649505615234,
      -1.4804434776306152,
      0.1146496832370758,
      0.041932057589292526,
      0.041401274502277374,
      0.0,
      0.18524415791034698,
      0.04564755782485008,
      0.04617834463715553,
      0.0,
      0.15552017092704773,
      0.040870487689971924,
      0.03927813097834587,
      0.0,
      0.19639065861701965,
      0.04564755782485008,
      0.047239914536476135,
      0.0
    ]
  },
  "combined_feature_vector": [
    0.0,
    1.0,
    0.8846513630908692,
    0.49018817950823507,
    0.15984648607109,
    0.1330505179272681,
    0.11832924241015265,
    0.26510262435871595,
    0.21537971306376444,
    0.2747905972390485,
    0.20795543380546658,
    0.1716031914931749,
    0.09435258359097952,
    0.05186502030048536,
    0.05323751801399503,
    0.07585691610592346,
    0.08648782839916072,
    0.0776630301138309,
    0.0627298081529177,
    0.03523680475096673,
    0.1720588207244873,
    0.09852941334247589,
    0.1352941244840622,
    0.09705882519483566,
    0.1661764681339264,
    0.09558823704719543,
    0.1455882340669632,
    0.08970588445663452,
    0.1415388137102127,
    0.4918413758277893,
    0.5523924231529236,
    1.0135273933410645,
    0.9362922310829163,
    1.733651041984558,
    0.19155298173427582,
    0.5105525851249695,
    0.5002924203872681,
    0.9901807308197021,
    1.0448284149169922,
    1.8306266069412231,
    0.14307880401611328,
    0.588779628276825,
    0.5530629754066467,
    1.311885118484497,
    0.932999312877655,
    2.050053358078003,
    0.19155296683311462,
    0.5178738236427307,
    0.5002924203872681,
    1.0391229391098022,
    1.0448284149169922,
    1.8725509643554688,
    7.629241943359375,
    126.94649505615234,
    -1.4804434776306152,
    0.1146496832370758,
    0.041932057589292526,
    0.041401274502277374,
    0.0,
    0.18524415791034698,
    0.04564755782485008,
    0.04617834463715553,
    0.0,
    0.15552017092704773,
    0.040870487689971924,
    0.03927813097834587,
    0.0,
    0.19639065861701965,
    0.04564755782485008,
    0.047239914536476135,
    0.0
  ]
}