{
  "image_path": "Formes\\apple-5.gif",
  "image_name": "apple-5.gif",
  "shape_features": {
    "fourier_descriptors": [
      0.0,
      1.0,
      0.536501211734757,
      0.20231599269014314,
      0.28686394425896455,
      0.11953784795317,
      0.16353558992758632,
      0.19951415205890405,
      0.17864251357729577,
      0.016822436706314114,
      0.0960260777094583,
      0.14402471030959021,
      0.07014720621681816,
      0.006317538021434228,
      0.026290814906360843,
      0.007089414421918602,
      0.02133168986446638,
      0.03619770433270088,
      0.019750610146716956,
      0.016523343684661032
    ],
    "direction_histogram": [
      0.20090806484222412,
      0.07150965183973312,
      0.12826333940029144,
      0.11350737512111664,
      0.17253121733665466,
      0.08513053506612778,
      0.12826333940029144,
      0.09988649189472198
    ],
    "combined": [
      0.0,
      1.0,
      0.536501211734757,
      0.20231599269014314,
      0.28686394425896455,
      0.11953784795317,
      0.16353558992758632,
      0.19951415205890405,
      0.17864251357729577,
      0.016822436706314114,
      0.0960260777094583,
      0.14402471030959021,
      0.07014720621681816,
      0.006317538021434228,
      0.026290814906360843,
      0.007089414421918602,
      0.02133168986446638,
      0.03619770433270088,
      0.019750610146716956,
      0.016523343684661032,
      0.20090806484222412,
      0.07150965183973312,
      0.12826333940029144,
      0.11350737512111664,
      0.17253121733665466,
      0.08513053506612778,
      0.12826333940029144,
      0.09988649189472198
    ]
  },
  "texture_features": {
    "gabor_features": [
      0.14208611845970154,
      0.580201268196106,
      0.5545283555984497,
      1.1118395328521729,
      0.939912736415863,
      1.931563138961792,
      0.19235877692699432,
      0.6213921308517456,
      0.5023694634437561,
      1.1666499376296997,
      1.0490868091583252,
      2.1184916496276855,
      0.14064742624759674,
      0.7923426032066345,
      0.557497501373291,
      1.6035680770874023,
      0.9408853054046631,
      2.3387932777404785,
      0.19235877692699432,
      0.573488175868988,
      0.5023694634437561,
      1.0799980163574219,
      1.0490868091583252,
      1.880050539970398
    ],
    "tamura_coarseness": 7.7576751708984375,
    "tamura_contrast": 126.85969543457031,
    "tamura_directionality": -1.216949701309204,
    "tamura_direction_histogram": [
      0.11060480773448944,
      0.04059651866555214,
      0.03852526843547821,
      0.0,
      0.21789561212062836,
      0.05468102917075157,
      0.0579950287938118,
      0.0,
      0.18061308562755585,
      0.035211268812417984,
      0.03396851569414139,
      0.0,
      0.15990057587623596,
      0.03396851569414139,
      0.036039769649505615,
      0.0
    ],
    "combined": [
      0.14208611845970154,
      0.580201268196106,
      0.5545283555984497,
      1.1118395328521729,
      0.939912736415863,
      1.931563138961792,
      0.19235877692699432,
      0.6213921308517456,
      0.5023694634437561,
      1.1666499376296997,
      1.0490868091583252,
      2.1184916496276855,
      0.14064742624759674,
      0.7923426032066345,
      0.557497501373291,
      1.6035680770874023,
      0.9408853054046631,
      2.3387932777404785,
      0.19235877692699432,
      0.573488175868988,
      0.5023694634437561,
      1.0799980163574219,
      1.0490868091583252,
      1.880050539970398,
      7.7576751708984375,
      126.85969543457031,
      -1.216949701309204,
      0.11060480773448944,
      0.04059651866555214,
      0.03852526843547821,
      0.0,
      0.21789561212062836,
      0.05468102917075157,
      0.0579950287938118,
      0.0,
      0.18061308562755585,
      0.035211268812417984,
      0.03396851569414139,
      0.0,
      0.15990057587623596,
      0.03396851569414139,
      0.036039769649505615,
      0.0
    ]
  },
  "combined_feature_vector": [
    0.0,
    1.0,
    0.536501211734757,
    0.20231599269014314,
    0.28686394425896455,
    0.11953784795317,
    0.16353558992758632,
    0.19951415205890405,
    0.17864251357729577,
    0.016822436706314114,
    0.0960260777094583,
    0.14402471030959021,
    0.07014720621681816,
    0.006317538021434228,
    0.026290814906360843,
    0.007089414421918602,
    0.02133168986446638,
    0.03619770433270088,
    0.019750610146716956,
    0.016523343684661032,
    0.20090806484222412,
    0.07150965183973312,
    0.12826333940029144,
    0.11350737512111664,
    0.17253121733665466,
    0.08513053506612778,
    0.12826333940029144,
    0.09988649189472198,
    0.14208611845970154,
    0.580201268196106,
    0.5545283555984497,
    1.1118395328521729,
    0.939912736415863,
    1.931563138961792,
    0.19235877692699432,
    0.6213921308517456,
    0.5023694634437561,
    1.1666499376296997,
    1.0490868091583252,
    2.1184916496276855,
    0.14064742624759674,
    0.7923426032066345,
    0.557497501373291,
    1.6035680770874023,
    0.9408853054046631,
    2.3387932777404785,
    0.19235877692699432,
    0.573488175868988,
    0.5023694634437561,
    1.0799980163574219,
    1.0490868091583252,
    1.880050539970398,
    7.7576751708984375,
    126.85969543457031,
    -1.216949701309204,
    0.11060480773448944,
    0.04059651866555214,
    0.03852526843547821,
    0.0,
    0.21789561212062836,
    0.05468102917075157,
    0.0579950287938118,
    0.0,
    0.18061308562755585,
    0.035211268812417984,
    0.03396851569414139,
    0.0,
    0.15990057587623596,
    0.03396851569414139,
    0.036039769649505615,
    0.0
  ]
}