{
  "image_path": "Formes\\apple-3.gif",
  "image_name": "apple-3.gif",
  "shape_features": {
    "fourier_descriptors": [
      0.0,
      1.0,
      0.4183695757177211,
      0.42136750770745457,
      0.5625307281150222,
      0.34880472016807096,
      0.12126609359419929,
      0.12102454998389936,
      0.18411355064873952,
      0.07876201940748848,
      0.03862283451106231,
      0.08962098314834337,
      0.04992108998955414,
      0.021178659692346703,
      0.05695947778637884,
      0.046415527685757414,
      0.022127108869524452,
      0.014012906705753593,
      0.010739309209568388,
      0.001148419212552327
    ],
    "direction_histogram": [
      0.20823799073696136,
      0.09839817136526108,
      0.10869564861059189,
      0.09038901329040527,
      0.19679634273052216,
      0.09610983729362488,
      0.1235697939991951,
      0.07780320197343826
    ],
    "combined": [
      0.0,
      1.0,
      0.4183695757177211,
      0.42136750770745457,
      0.5625307281150222,
      0.34880472016807096,
      0.12126609359419929,
      0.12102454998389936,
      0.18411355064873952,
      0.07876201940748848,
      0.03862283451106231,
      0.08962098314834337,
      0.04992108998955414,
      0.021178659692346703,
      0.05695947778637884,
      0.046415527685757414,
      0.022127108869524452,
      0.014012906705753593,
      0.010739309209568388,
      0.001148419212552327,
      0.20823799073696136,
      0.09839817136526108,
      0.10869564861059189,
      0.09038901329040527,
      0.19679634273052216,
      0.09610983729362488,
      0.1235697939991951,
      0.07780320197343826
    ]
  },
  "texture_features": {
    "gabor_features": [
      0.1474614441394806,
      0.4939787983894348,
      0.5755070447921753,
      1.025886058807373,
      0.975471019744873,
      1.8223849534988403,
      0.19967104494571686,
      0.5687400102615356,
      0.5214242339134216,
      1.046754002571106,
      1.0882781744003296,
      1.942948818206787,
      0.14790336787700653,
      0.8208439946174622,
      0.5769262909889221,
      1.4755964279174805,
      0.9741752743721008,
      2.757887125015259,
      0.19967103004455566,
      0.5621122121810913,
      0.5214242339134216,
      1.1527994871139526,
      1.0882781744003296,
      2.029024600982666
    ],
    "tamura_coarseness": 8.014923095703125,
    "tamura_contrast": 125.67727661132812,
    "tamura_directionality": -1.212456464767456,
    "tamura_direction_histogram": [
      0.09467951208353043,
      0.03435274586081505,
      0.03393380716443062,
      0.0,
      0.169669046998024,
      0.0431503988802433,
      0.043988268822431564,
      0.0,
      0.204859659075737,
      0.05111018195748329,
      0.05069124326109886,
      0.0,
      0.19564306735992432,
      0.0377042330801487,
      0.040217846632003784,
      0.0
    ],
    "combined": [
      0.1474614441394806,
      0.4939787983894348,
      0.5755070447921753,
      1.025886058807373,
      0.975471019744873,
      1.8223849534988403,
      0.19967104494571686,
      0.5687400102615356,
      0.5214242339134216,
      1.046754002571106,
      1.0882781744003296,
      1.942948818206787,
      0.14790336787700653,
      0.8208439946174622,
      0.5769262909889221,
      1.4755964279174805,
      0.9741752743721008,
      2.757887125015259,
      0.19967103004455566,
      0.5621122121810913,
      0.5214242339134216,
      1.1527994871139526,
      1.0882781744003296,
      2.029024600982666,
      8.014923095703125,
      125.67727661132812,
      -1.212456464767456,
      0.09467951208353043,
      0.03435274586081505,
      0.03393380716443062,
      0.0,
      0.169669046998024,
      0.0431503988802433,
      0.043988268822431564,
      0.0,
      0.204859659075737,
      0.05111018195748329,
      0.05069124326109886,
      0.0,
      0.19564306735992432,
      0.0377042330801487,
      0.040217846632003784,
      0.0
    ]
  },
  "combined_feature_vector": [
    0.0,
    1.0,
    0.4183695757177211,
    0.42136750770745457,
    0.5625307281150222,
    0.34880472016807096,
    0.12126609359419929,
    0.12102454998389936,
    0.18411355064873952,
    0.07876201940748848,
    0.03862283451106231,
    0.08962098314834337,
    0.04992108998955414,
    0.021178659692346703,
    0.05695947778637884,
    0.046415527685757414,
    0.022127108869524452,
    0.014012906705753593,
    0.010739309209568388,
    0.001148419212552327,
    0.20823799073696136,
    0.09839817136526108,
    0.10869564861059189,
    0.09038901329040527,
    0.19679634273052216,
    0.09610983729362488,
    0.1235697939991951,
    0.07780320197343826,
    0.1474614441394806,
    0.4939787983894348,
    0.5755070447921753,
    1.025886058807373,
    0.975471019744873,
    1.8223849534988403,
    0.19967104494571686,
    0.5687400102615356,
    0.5214242339134216,
    1.046754002571106,
    1.0882781744003296,
    1.942948818206787,
    0.14790336787700653,
    0.8208439946174622,
    0.5769262909889221,
    1.4755964279174805,
    0.9741752743721008,
    2.757887125015259,
    0.19967103004455566,
    0.5621122121810913,
    0.5214242339134216,
    1.1527994871139526,
    1.0882781744003296,
    2.029024600982666,
    8.014923095703125,
    125.67727661132812,
    -1.212456464767456,
    0.09467951208353043,
    0.03435274586081505,
    0.03393380716443062,
    0.0,
    0.169669046998024,
    0.0431503988802433,
    0.043988268822431564,
    0.0,
    0.204859659075737,
    0.05111018195748329,
    0.05069124326109886,
    0.0,
    0.19564306735992432,
    0.0377042330801487,
    0.040217846632003784,
    0.0
  ]
}