{
  "image_path": "Formes\\apple-1.gif",
  "image_name": "apple-1.gif",
  "shape_features": {
    "fourier_descriptors": [
      0.0,
      1.0,
      0.6814682415127994,
      0.28646497713468366,
      0.09728142996816819,
      0.19557950253735068,
      0.23012491499309723,
      0.26555239166509104,
      0.19231187353666218,
      0.15812327814401167,
      0.05290913155339734,
      0.03717253698094961,
      0.07152816365433923,
      0.07496206919158971,
      0.0645161704456996,
      0.045801209036668816,
      0.025618346909628536,
      0.019575930287425068,
      0.011596383254481828,
      0.01514397238930747
    ],
    "direction_histogram": [
      0.15000000596046448,
      0.10757575929164886,
      0.13939394056797028,
      0.10000000149011612,
      0.1560606062412262,
      0.10757575929164886,
      0.13181817531585693,
      0.10757575929164886
    ],
    "combined": [
      0.0,
      1.0,
      0.6814682415127994,
      0.28646497713468366,
      0.09728142996816819,
      0.19557950253735068,
      0.23012491499309723,
      0.26555239166509104,
      0.19231187353666218,
      0.15812327814401167,
      0.05290913155339734,
      0.03717253698094961,
      0.07152816365433923,
      0.07496206919158971,
      0.0645161704456996,
      0.045801209036668816,
      0.025618346909628536,
      0.019575930287425068,
      0.011596383254481828,
      0.01514397238930747,
      0.15000000596046448,
      0.10757575929164886,
      0.13939394056797028,
      0.10000000149011612,
      0.1560606062412262,
      0.10757575929164886,
      0.13181817531585693,
      0.10757575929164886
    ]
  },
  "texture_features": {
    "gabor_features": [
      0.11589034646749496,
      0.4578479528427124,
      0.45229247212409973,
      0.9620492458343506,
      0.7666252851486206,
      1.6671828031539917,
      0.1569364368915558,
      0.5432180166244507,
      0.4099152088165283,
      1.111975908279419,
      0.8555338382720947,
      1.9656612873077393,
      0.11561793088912964,
      0.607343316078186,
      0.4534052312374115,
      1.1868853569030762,
      0.7661765217781067,
      1.9305028915405273,
      0.1569364368915558,
      0.565956711769104,
      0.4099152088165283,
      1.0376527309417725,
      0.8555338382720947,
      2.093538761138916
    ],
    "tamura_coarseness": 7.2600860595703125,
    "tamura_contrast": 123.9915771484375,
    "tamura_directionality": -1.4936630725860596,
    "tamura_direction_histogram": [
      0.10021208971738815,
      0.038706257939338684,
      0.03764581307768822,
      0.0,
      0.21208907663822174,
      0.04082714766263962,
      0.041887592524290085,
      0.0,
      0.13891834020614624,
      0.03605514392256737,
      0.0349946990609169,
      0.0,
      0.21527041494846344,
      0.051431600004434586,
      0.05196182429790497,
      0.0
    ],
    "combined": [
      0.11589034646749496,
      0.4578479528427124,
      0.45229247212409973,
      0.9620492458343506,
      0.7666252851486206,
      1.6671828031539917,
      0.1569364368915558,
      0.5432180166244507,
      0.4099152088165283,
      1.111975908279419,
      0.8555338382720947,
      1.9656612873077393,
      0.11561793088912964,
      0.607343316078186,
      0.4534052312374115,
      1.1868853569030762,
      0.7661765217781067,
      1.9305028915405273,
      0.1569364368915558,
      0.565956711769104,
      0.4099152088165283,
      1.0376527309417725,
      0.8555338382720947,
      2.093538761138916,
      7.2600860595703125,
      123.9915771484375,
      -1.4936630725860596,
      0.10021208971738815,
      0.038706257939338684,
      0.03764581307768822,
      0.0,
      0.21208907663822174,
      0.04082714766263962,
      0.041887592524290085,
      0.0,
      0.13891834020614624,
      0.03605514392256737,
      0.0349946990609169,
      0.0,
      0.21527041494846344,
      0.051431600004434586,
      0.05196182429790497,
      0.0
    ]
  },
  "combined_feature_vector": [
    0.0,
    1.0,
    0.6814682415127994,
    0.28646497713468366,
    0.09728142996816819,
    0.19557950253735068,
    0.23012491499309723,
    0.26555239166509104,
    0.19231187353666218,
    0.15812327814401167,
    0.05290913155339734,
    0.03717253698094961,
    0.07152816365433923,
    0.07496206919158971,
    0.0645161704456996,
    0.045801209036668816,
    0.025618346909628536,
    0.019575930287425068,
    0.011596383254481828,
    0.01514397238930747,
    0.15000000596046448,
    0.10757575929164886,
    0.13939394056797028,
    0.10000000149011612,
    0.1560606062412262,
    0.10757575929164886,
    0.13181817531585693,
    0.10757575929164886,
    0.11589034646749496,
    0.4578479528427124,
    0.45229247212409973,
    0.9620492458343506,
    0.7666252851486206,
    1.6671828031539917,
    0.1569364368915558,
    0.5432180166244507,
    0.4099152088165283,
    1.111975908279419,
    0.8555338382720947,
    1.9656612873077393,
    0.11561793088912964,
    0.607343316078186,
    0.4534052312374115,
    1.1868853569030762,
    0.7661765217781067,
    1.9305028915405273,
    0.1569364368915558,
    0.565956711769104,
    0.4099152088165283,
    1.0376527309417725,
    0.8555338382720947,
    2.093538761138916,
    7.2600860595703125,
    123.9915771484375,
    -1.4936630725860596,
    0.10021208971738815,
    0.038706257939338684,
    0.03764581307768822,
    0.0,
    0.21208907663822174,
    0.04082714766263962,
    0.041887592524290085,
    0.0,
    0.13891834020614624,
    0.03605514392256737,
    0.0349946990609169,
    0.0,
    0.21527041494846344,
    0.051431600004434586,
    0.05196182429790497,
    0.0
  ]
}