{
  "image_path": "Formes\\bell-5.gif",
  "image_name": "bell-5.gif",
  "shape_features": {
    "fourier_descriptors": [
      0.0,
      1.0,
      0.8429524090480919,
      0.3373104129191457,
      0.1191031682370604,
      0.2075887197895257,
      0.0361263505120258,
      0.007559948227014743,
      0.005087441764896091,
      0.019581839344410136,
      0.035486514231234785,
      0.0327926393800759,
      0.0176497969929471,
      0.002992647068895948,
      0.010009233515237442,
      0.005490654385119573,
      0.026307170254473208,
      0.013151341054401732,
      0.0018996635626866358,
      0.010378507529917525
    ],
    "direction_histogram": [
      0.2147335410118103,
      0.050156738609075546,
      0.17868338525295258,
      0.11755485832691193,
      0.092476487159729,
      0.09874608367681503,
      0.20219436287879944,
      0.04545454680919647
    ],
    "combined": [
      0.0,
      1.0,
      0.8429524090480919,
      0.3373104129191457,
      0.1191031682370604,
      0.2075887197895257,
      0.0361263505120258,
      0.007559948227014743,
      0.005087441764896091,
      0.019581839344410136,
      0.035486514231234785,
      0.0327926393800759,
      0.0176497969929471,
      0.002992647068895948,
      0.010009233515237442,
      0.005490654385119573,
      0.026307170254473208,
      0.013151341054401732,
      0.0018996635626866358,
      0.010378507529917525,
      0.2147335410118103,
      0.050156738609075546,
      0.17868338525295258,
      0.11755485832691193,
      0.092476487159729,
      0.09874608367681503,
      0.20219436287879944,
      0.04545454680919647
    ]
  },
  "texture_features": {
    "gabor_features": [
      0.1617957055568695,
      0.9032074213027954,
      0.6363202333450317,
      1.592576503753662,
      1.080851674079895,
      2.5916523933410645,
      0.22231152653694153,
      0.6409726738929749,
      0.5809208750724792,
      1.1767786741256714,
      1.2134528160095215,
      1.980077862739563,
      0.16174952685832977,
      0.4639715552330017,
      0.6370136141777039,
      1.009787917137146,
      1.078595757484436,
      1.816796898841858,
      0.22231152653694153,
      0.6270874738693237,
      0.580920934677124,
      1.1269049644470215,
      1.2134528160095215,
      1.8780018091201782
    ],
    "tamura_coarseness": 8.997211497211497,
    "tamura_contrast": 118.80439758300781,
    "tamura_directionality": -1.8374991416931152,
    "tamura_direction_histogram": [
      0.2154947966337204,
      0.0501302070915699,
      0.0481770820915699,
      0.0,
      0.1861979216337204,
      0.03059895895421505,
      0.033203125,
      0.0,
      0.1119791641831398,
      0.0416666679084301,
      0.0397135429084301,
      0.0,
      0.162109375,
      0.0397135429084301,
      0.041015625,
      0.0
    ],
    "combined": [
      0.1617957055568695,
      0.9032074213027954,
      0.6363202333450317,
      1.592576503753662,
      1.080851674079895,
      2.5916523933410645,
      0.22231152653694153,
      0.6409726738929749,
      0.5809208750724792,
      1.1767786741256714,
      1.2134528160095215,
      1.980077862739563,
      0.16174952685832977,
      0.4639715552330017,
      0.6370136141777039,
      1.009787917137146,
      1.078595757484436,
      1.816796898841858,
      0.22231152653694153,
      0.6270874738693237,
      0.580920934677124,
      1.1269049644470215,
      1.2134528160095215,
      1.8780018091201782,
      8.997211497211497,
      118.80439758300781,
      -1.8374991416931152,
      0.2154947966337204,
      0.0501302070915699,
      0.0481770820915699,
      0.0,
      0.1861979216337204,
      0.03059895895421505,
      0.033203125,
      0.0,
      0.1119791641831398,
      0.0416666679084301,
      0.0397135429084301,
      0.0,
      0.162109375,
      0.0397135429084301,
      0.041015625,
      0.0
    ]
  },
  "combined_feature_vector": [
    0.0,
    1.0,
    0.8429524090480919,
    0.3373104129191457,
    0.1191031682370604,
    0.2075887197895257,
    0.0361263505120258,
    0.007559948227014743,
    0.005087441764896091,
    0.019581839344410136,
    0.035486514231234785,
    0.0327926393800759,
    0.0176497969929471,
    0.002992647068895948,
    0.010009233515237442,
    0.005490654385119573,
    0.026307170254473208,
    0.013151341054401732,
    0.0018996635626866358,
    0.010378507529917525,
    0.2147335410118103,
    0.050156738609075546,
    0.17868338525295258,
    0.11755485832691193,
    0.092476487159729,
    0.09874608367681503,
    0.20219436287879944,
    0.04545454680919647,
    0.1617957055568695,
    0.9032074213027954,
    0.6363202333450317,
    1.592576503753662,
    1.080851674079895,
    2.5916523933410645,
    0.22231152653694153,
    0.6409726738929749,
    0.5809208750724792,
    1.1767786741256714,
    1.2134528160095215,
    1.980077862739563,
    0.16174952685832977,
    0.4639715552330017,
    0.6370136141777039,
    1.009787917137146,
    1.078595757484436,
    1.816796898841858,
    0.22231152653694153,
    0.6270874738693237,
    0.580920934677124,
    1.1269049644470215,
    1.2134528160095215,
    1.8780018091201782,
    8.997211497211497,
    118.80439758300781,
    -1.8374991416931152,
    0.2154947966337204,
    0.0501302070915699,
    0.0481770820915699,
    0.0,
    0.1861979216337204,
    0.03059895895421505,
    0.033203125,
    0.0,
    0.1119791641831398,
    0.0416666679084301,
    0.0397135429084301,
    0.0,
    0.162109375,
    0.0397135429084301,
    0.041015625,
    0.0
  ]
}