{
  "image_path": "Formes\\bell-4.gif",
  "image_name": "bell-4.gif",
  "shape_features": {
    "fourier_descriptors": [
      0.0,
      1.0,
      0.7091164788437165,
      0.3081589998918648,
      0.009777515819205787,
      0.21130078691718152,
      0.008432457766647406,
      0.041351427708122,
      0.04110482715636568,
      0.06601530149595392,
      0.0419012080900846,
      0.007066332379634054,
      0.0063715404786838245,
      0.04617938560527573,
      0.011443653861631814,
      0.018087615125074067,
      0.01376447097821467,
      0.021608748309539967,
      0.010371422033407558,
      0.029895652980480296
    ],
    "direction_histogram": [
      0.20481927692890167,
      0.0401606410741806,
      0.21686747670173645,
      0.08835341036319733,
      0.10441767424345016,
      0.1004016101360321,
      0.1927710771560669,
      0.05220883712172508
    ],
    "combined": [
      0.0,
      1.0,
      0.7091164788437165,
      0.3081589998918648,
      0.009777515819205787,
      0.21130078691718152,
      0.008432457766647406,
      0.041351427708122,
      0.04110482715636568,
      0.06601530149595392,
      0.0419012080900846,
      0.007066332379634054,
      0.0063715404786838245,
      0.04617938560527573,
      0.011443653861631814,
      0.018087615125074067,
      0.01376447097821467,
      0.021608748309539967,
      0.010371422033407558,
      0.029895652980480296,
      0.20481927692890167,
      0.0401606410741806,
      0.21686747670173645,
      0.08835341036319733,
      0.10441767424345016,
      0.1004016101360321,
      0.1927710771560669,
      0.05220883712172508
    ]
  },
  "texture_features": {
    "gabor_features": [
      0.1474793702363968,
      1.318955421447754,
      0.6157107949256897,
      2.4674031734466553,
      1.0340036153793335,
      3.5830392837524414,
      0.2212447077035904,
      0.7710220813751221,
      0.576063871383667,
      1.4181674718856812,
      1.2257996797561646,
      2.4363908767700195,
      0.14458996057510376,
      1.091503620147705,
      0.6333466172218323,
      2.0845484733581543,
      1.0120832920074463,
      3.6265976428985596,
      0.21610982716083527,
      0.6543737649917603,
      0.5601546168327332,
      1.432700514793396,
      1.1735515594482422,
      2.5654828548431396
    ],
    "tamura_coarseness": 12.070443349753695,
    "tamura_contrast": 121.51873016357422,
    "tamura_directionality": -1.9280028343200684,
    "tamura_direction_histogram": [
      0.2042139321565628,
      0.04700161889195442,
      0.03889789432287216,
      0.0,
      0.13938412070274353,
      0.0356564037501812,
      0.04376012831926346,
      0.0,
      0.16531604528427124,
      0.03889789432287216,
      0.024311183020472527,
      0.0,
      0.13614262640476227,
      0.05672609433531761,
      0.06969206035137177,
      0.0
    ],
    "combined": [
      0.1474793702363968,
      1.318955421447754,
      0.6157107949256897,
      2.4674031734466553,
      1.0340036153793335,
      3.5830392837524414,
      0.2212447077035904,
      0.7710220813751221,
      0.576063871383667,
      1.4181674718856812,
      1.2257996797561646,
      2.4363908767700195,
      0.14458996057510376,
      1.091503620147705,
      0.6333466172218323,
      2.0845484733581543,
      1.0120832920074463,
      3.6265976428985596,
      0.21610982716083527,
      0.6543737649917603,
      0.5601546168327332,
      1.432700514793396,
      1.1735515594482422,
      2.5654828548431396,
      12.070443349753695,
      121.51873016357422,
      -1.9280028343200684,
      0.2042139321565628,
      0.04700161889195442,
      0.03889789432287216,
      0.0,
      0.13938412070274353,
      0.0356564037501812,
      0.04376012831926346,
      0.0,
      0.16531604528427124,
      0.03889789432287216,
      0.024311183020472527,
      0.0,
      0.13614262640476227,
      0.05672609433531761,
      0.06969206035137177,
      0.0
    ]
  },
  "combined_feature_vector": [
    0.0,
    1.0,
    0.7091164788437165,
    0.3081589998918648,
    0.009777515819205787,
    0.21130078691718152,
    0.008432457766647406,
    0.041351427708122,
    0.04110482715636568,
    0.06601530149595392,
    0.0419012080900846,
    0.007066332379634054,
    0.0063715404786838245,
    0.04617938560527573,
    0.011443653861631814,
    0.018087615125074067,
    0.01376447097821467,
    0.021608748309539967,
    0.010371422033407558,
    0.029895652980480296,
    0.20481927692890167,
    0.0401606410741806,
    0.21686747670173645,
    0.08835341036319733,
    0.10441767424345016,
    0.1004016101360321,
    0.1927710771560669,
    0.05220883712172508,
    0.1474793702363968,
    1.318955421447754,
    0.6157107949256897,
    2.4674031734466553,
    1.0340036153793335,
    3.5830392837524414,
    0.2212447077035904,
    0.7710220813751221,
    0.576063871383667,
    1.4181674718856812,
    1.2257996797561646,
    2.4363908767700195,
    0.14458996057510376,
    1.091503620147705,
    0.6333466172218323,
    2.0845484733581543,
    1.0120832920074463,
    3.6265976428985596,
    0.21610982716083527,
    0.6543737649917603,
    0.5601546168327332,
    1.432700514793396,
    1.1735515594482422,
    2.5654828548431396,
    12.070443349753695,
    121.51873016357422,
    -1.9280028343200684,
    0.2042139321565628,
    0.04700161889195442,
    0.03889789432287216,
    0.0,
    0.13938412070274353,
    0.0356564037501812,
    0.04376012831926346,
    0.0,
    0.16531604528427124,
    0.03889789432287216,
    0.024311183020472527,
    0.0,
    0.13614262640476227,
    0.05672609433531761,
    0.06969206035137177,
    0.0
  ]
}