{
  "image_path": "Formes\\bell-2.gif",
  "image_name": "bell-2.gif",
  "shape_features": {
    "fourier_descriptors": [
      0.0,
      1.0,
      1.4387586615661119,
      0.36758854762251053,
      0.034545636064433366,
      0.3665233773532361,
      0.03622080879928165,
      0.04411294587443427,
      0.07103792821696188,
      0.015717356395443863,
      0.07050368038138352,
      0.017009219946779657,
      0.06485261519443115,
      0.03285983160893625,
      0.04820696455022803,
      0.02074347460902127,
      0.016755321007454672,
      0.018871335797281043,
      0.010922359996148163,
      0.007482203152382445
    ],
    "direction_histogram": [
      0.2445652186870575,
      0.032608695328235626,
      0.19021739065647125,
      0.11413043737411499,
      0.08152174204587936,
      0.10326086729764938,
      0.20652173459529877,
      0.027173912152647972
    ],
    "combined": [
      0.0,
      1.0,
      1.4387586615661119,
      0.36758854762251053,
      0.034545636064433366,
      0.3665233773532361,
      0.03622080879928165,
      0.04411294587443427,
      0.07103792821696188,
      0.015717356395443863,
      0.07050368038138352,
      0.017009219946779657,
      0.06485261519443115,
      0.03285983160893625,
      0.04820696455022803,
      0.02074347460902127,
      0.016755321007454672,
      0.018871335797281043,
      0.010922359996148163,
      0.007482203152382445,
      0.2445652186870575,
      0.032608695328235626,
      0.19021739065647125,
      0.11413043737411499,
      0.08152174204587936,
      0.10326086729764938,
      0.20652173459529877,
      0.027173912152647972
    ]
  },
  "texture_features": {
    "gabor_features": [
      0.13447372615337372,
      1.2620892524719238,
      0.5994985103607178,
      2.6355173587799072,
      1.0155634880065918,
      4.1747307777404785,
      0.21831755340099335,
      0.9307999014854431,
      0.5679657459259033,
      1.739184856414795,
      1.1915545463562012,
      3.080315113067627,
      0.15863648056983948,
      1.2475653886795044,
      0.5684857368469238,
      2.859477996826172,
      0.8763043284416199,
      5.1939005851745605,
      0.22065091133117676,
      0.8590287566184998,
      0.5699499249458313,
      1.4937251806259155,
      1.2133020162582397,
      2.455329418182373
    ],
    "tamura_coarseness": 10.56302966101695,
    "tamura_contrast": 121.8660659790039,
    "tamura_directionality": -1.8033881187438965,
    "tamura_direction_histogram": [
      0.22075055539608002,
      0.06181015446782112,
      0.05298013240098953,
      0.0,
      0.14569535851478577,
      0.024282561615109444,
      0.035320088267326355,
      0.0,
      0.17880794405937195,
      0.026490066200494766,
      0.026490066200494766,
      0.0,
      0.14569535851478577,
      0.04194260388612747,
      0.0397351011633873,
      0.0
    ],
    "combined": [
      0.13447372615337372,
      1.2620892524719238,
      0.5994985103607178,
      2.6355173587799072,
      1.0155634880065918,
      4.1747307777404785,
      0.21831755340099335,
      0.9307999014854431,
      0.5679657459259033,
      1.739184856414795,
      1.1915545463562012,
      3.080315113067627,
      0.15863648056983948,
      1.2475653886795044,
      0.5684857368469238,
      2.859477996826172,
      0.8763043284416199,
      5.1939005851745605,
      0.22065091133117676,
      0.8590287566184998,
      0.5699499249458313,
      1.4937251806259155,
      1.2133020162582397,
      2.455329418182373,
      10.56302966101695,
      121.8660659790039,
      -1.8033881187438965,
      0.22075055539608002,
      0.06181015446782112,
      0.05298013240098953,
      0.0,
      0.14569535851478577,
      0.024282561615109444,
      0.035320088267326355,
      0.0,
      0.17880794405937195,
      0.026490066200494766,
      0.026490066200494766,
      0.0,
      0.14569535851478577,
      0.04194260388612747,
      0.0397351011633873,
      0.0
    ]
  },
  "combined_feature_vector": [
    0.0,
    1.0,
    1.4387586615661119,
    0.36758854762251053,
    0.034545636064433366,
    0.3665233773532361,
    0.03622080879928165,
    0.04411294587443427,
    0.07103792821696188,
    0.015717356395443863,
    0.07050368038138352,
    0.017009219946779657,
    0.06485261519443115,
    0.03285983160893625,
    0.04820696455022803,
    0.02074347460902127,
    0.016755321007454672,
    0.018871335797281043,
    0.010922359996148163,
    0.007482203152382445,
    0.2445652186870575,
    0.032608695328235626,
    0.19021739065647125,
    0.11413043737411499,
    0.08152174204587936,
    0.10326086729764938,
    0.20652173459529877,
    0.027173912152647972,
    0.13447372615337372,
    1.2620892524719238,
    0.5994985103607178,
    2.6355173587799072,
    1.0155634880065918,
    4.1747307777404785,
    0.21831755340099335,
    0.9307999014854431,
    0.5679657459259033,
    1.739184856414795,
    1.1915545463562012,
    3.080315113067627,
    0.15863648056983948,
    1.2475653886795044,
    0.5684857368469238,
    2.859477996826172,
    0.8763043284416199,
    5.1939005851745605,
    0.22065091133117676,
    0.8590287566184998,
    0.5699499249458313,
    1.4937251806259155,
    1.2133020162582397,
    2.455329418182373,
    10.56302966101695,
    121.8660659790039,
    -1.8033881187438965,
    0.22075055539608002,
    0.06181015446782112,
    0.05298013240098953,
    0.0,
    0.14569535851478577,
    0.024282561615109444,
    0.035320088267326355,
    0.0,
    0.17880794405937195,
    0.026490066200494766,
    0.026490066200494766,
    0.0,
    0.14569535851478577,
    0.04194260388612747,
    0.0397351011633873,
    0.0
  ]
}