{
  "image_path": "Formes\\bell-3.gif",
  "image_name": "bell-3.gif",
  "shape_features": {
    "fourier_descriptors": [
      0.0,
      1.0,
      0.9076568557875366,
      0.1825244642620006,
      0.08189797402588397,
      0.2706981181240775,
      0.06047557774216989,
      0.06766151282615716,
      0.06293949630715147,
      0.012922685131733017,
      0.04351001473949092,
      0.046852510151213965,
      0.037315729457375144,
      0.014787210120163957,
      0.00663155441273619,
      0.006001461531012692,
      0.001916282083409588,
      0.009034721089276809,
      0.001226746174414244,
      0.005956202465406395
    ],
    "direction_histogram": [
      0.2154696136713028,
      0.0441988967359066,
      0.21362799406051636,
      0.10681399703025818,
      0.05524861812591553,
      0.1325966864824295,
      0.19521178305149078,
      0.03683241084218025
    ],
    "combined": [
      0.0,
      1.0,
      0.9076568557875366,
      0.1825244642620006,
      0.08189797402588397,
      0.2706981181240775,
      0.06047557774216989,
      0.06766151282615716,
      0.06293949630715147,
      0.012922685131733017,
      0.04351001473949092,
      0.046852510151213965,
      0.037315729457375144,
      0.014787210120163957,
      0.00663155441273619,
      0.006001461531012692,
      0.001916282083409588,
      0.009034721089276809,
      0.001226746174414244,
      0.005956202465406395,
      0.2154696136713028,
      0.0441988967359066,
      0.21362799406051636,
      0.10681399703025818,
      0.05524861812591553,
      0.1325966864824295,
      0.19521178305149078,
      0.03683241084218025
    ]
  },
  "texture_features": {
    "gabor_features": [
      0.1472485363483429,
      0.6467276811599731,
      0.5796643495559692,
      1.3086193799972534,
      0.9824420809745789,
      2.434464454650879,
      0.2026895433664322,
      0.544963002204895,
      0.529563307762146,
      0.9636840224266052,
      1.1060703992843628,
      1.8178410530090332,
      0.1477348506450653,
      0.7367685437202454,
      0.5856276154518127,
      1.3796570301055908,
      0.9930195808410645,
      2.163935422897339,
      0.202689528465271,
      0.5503935217857361,
      0.529563307762146,
      1.0696525573730469,
      1.1060703992843628,
      2.0588018894195557
    ],
    "tamura_coarseness": 9.84797619047619,
    "tamura_contrast": 125.09680938720703,
    "tamura_directionality": -2.0024912357330322,
    "tamura_direction_histogram": [
      0.17927171289920807,
      0.05742296949028969,
      0.05112044885754585,
      0.0,
      0.13865546882152557,
      0.026610644534230232,
      0.03361344709992409,
      0.0,
      0.15126051008701324,
      0.030812324956059456,
      0.029411764815449715,
      0.0,
      0.1736694723367691,
      0.06372549384832382,
      0.06442577391862869,
      0.0
    ],
    "combined": [
      0.1472485363483429,
      0.6467276811599731,
      0.5796643495559692,
      1.3086193799972534,
      0.9824420809745789,
      2.434464454650879,
      0.2026895433664322,
      0.544963002204895,
      0.529563307762146,
      0.9636840224266052,
      1.1060703992843628,
      1.8178410530090332,
      0.1477348506450653,
      0.7367685437202454,
      0.5856276154518127,
      1.3796570301055908,
      0.9930195808410645,
      2.163935422897339,
      0.202689528465271,
      0.5503935217857361,
      0.529563307762146,
      1.0696525573730469,
      1.1060703992843628,
      2.0588018894195557,
      9.84797619047619,
      125.09680938720703,
      -2.0024912357330322,
      0.17927171289920807,
      0.05742296949028969,
      0.05112044885754585,
      0.0,
      0.13865546882152557,
      0.026610644534230232,
      0.03361344709992409,
      0.0,
      0.15126051008701324,
      0.030812324956059456,
      0.029411764815449715,
      0.0,
      0.1736694723367691,
      0.06372549384832382,
      0.06442577391862869,
      0.0
    ]
  },
  "combined_feature_vector": [
    0.0,
    1.0,
    0.9076568557875366,
    0.1825244642620006,
    0.08189797402588397,
    0.2706981181240775,
    0.06047557774216989,
    0.06766151282615716,
    0.06293949630715147,
    0.012922685131733017,
    0.04351001473949092,
    0.046852510151213965,
    0.037315729457375144,
    0.014787210120163957,
    0.00663155441273619,
    0.006001461531012692,
    0.001916282083409588,
    0.009034721089276809,
    0.001226746174414244,
    0.005956202465406395,
    0.2154696136713028,
    0.0441988967359066,
    0.21362799406051636,
    0.10681399703025818,
    0.05524861812591553,
    0.1325966864824295,
    0.19521178305149078,
    0.03683241084218025,
    0.1472485363483429,
    0.6467276811599731,
    0.5796643495559692,
    1.3086193799972534,
    0.9824420809745789,
    2.434464454650879,
    0.2026895433664322,
    0.544963002204895,
    0.529563307762146,
    0.9636840224266052,
    1.1060703992843628,
    1.8178410530090332,
    0.1477348506450653,
    0.7367685437202454,
    0.5856276154518127,
    1.3796570301055908,
    0.9930195808410645,
    2.163935422897339,
    0.202689528465271,
    0.5503935217857361,
    0.529563307762146,
    1.0696525573730469,
    1.1060703992843628,
    2.0588018894195557,
    9.84797619047619,
    125.09680938720703,
    -2.0024912357330322,
    0.17927171289920807,
    0.05742296949028969,
    0.05112044885754585,
    0.0,
    0.13865546882152557,
    0.026610644534230232,
    0.03361344709992409,
    0.0,
    0.15126051008701324,
    0.030812324956059456,
    0.029411764815449715,
    0.0,
    0.1736694723367691,
    0.06372549384832382,
    0.06442577391862869,
    0.0
  ]
}