{
  "image_path": "Formes\\bell-1.gif",
  "image_name": "bell-1.gif",
  "shape_features": {
    "fourier_descriptors": [
      0.0,
      1.0,
      1.2996026766453135,
      0.3293175884020885,
      0.10367993339813424,
      0.3878954375819169,
      0.09061238284361198,
      0.06008142141167289,
      0.027651910815133643,
      0.014689215600661451,
      0.07739995532364169,
      0.010412073628322095,
      0.07194137505076857,
      0.011109842335738185,
      0.029649501705598498,
      0.017348243754720757,
      0.014123408975924848,
      0.005035916894762137,
      0.016890735796198382,
      0.015345883186495218
    ],
    "direction_histogram": [
      0.110139861702919,
      0.11363636702299118,
      0.1800699234008789,
      0.08916083723306656,
      0.1241258755326271,
      0.14860139787197113,
      0.09440559148788452,
      0.139860138297081
    ],
    "combined": [
      0.0,
      1.0,
      1.2996026766453135,
      0.3293175884020885,
      0.10367993339813424,
      0.3878954375819169,
      0.09061238284361198,
      0.06008142141167289,
      0.027651910815133643,
      0.014689215600661451,
      0.07739995532364169,
      0.010412073628322095,
      0.07194137505076857,
      0.011109842335738185,
      0.029649501705598498,
      0.017348243754720757,
      0.014123408975924848,
      0.005035916894762137,
      0.016890735796198382,
      0.015345883186495218,
      0.110139861702919,
      0.11363636702299118,
      0.1800699234008789,
      0.08916083723306656,
      0.1241258755326271,
      0.14860139787197113,
      0.09440559148788452,
      0.139860138297081
    ]
  },
  "texture_features": {
    "gabor_features": [
      0.08396732807159424,
      0.5500916838645935,
      0.32770463824272156,
      1.0539335012435913,
      0.5554516911506653,
      1.6882734298706055,
      0.11362294107675552,
      0.49712303280830383,
      0.2968272268772125,
      0.9787870049476624,
      0.6196342706680298,
      1.8654953241348267,
      0.08396732807159424,
      0.48650094866752625,
      0.32770460844039917,
      0.9428489804267883,
      0.5554516911506653,
      1.5205587148666382,
      0.11362293362617493,
      0.563815712928772,
      0.29682719707489014,
      1.0512160062789917,
      0.6196342706680298,
      1.9415956735610962
    ],
    "tamura_coarseness": 7.052801120448179,
    "tamura_contrast": 103.53955078125,
    "tamura_directionality": -1.5996322631835938,
    "tamura_direction_histogram": [
      0.12676887214183807,
      0.02299528382718563,
      0.022405659779906273,
      0.0,
      0.23466980457305908,
      0.03066037781536579,
      0.03125,
      0.0,
      0.12382075190544128,
      0.03066037781536579,
      0.028891509398818016,
      0.0,
      0.26179245114326477,
      0.04245283082127571,
      0.04363207519054413,
      0.0
    ],
    "combined": [
      0.08396732807159424,
      0.5500916838645935,
      0.32770463824272156,
      1.0539335012435913,
      0.5554516911506653,
      1.6882734298706055,
      0.11362294107675552,
      0.49712303280830383,
      0.2968272268772125,
      0.9787870049476624,
      0.6196342706680298,
      1.8654953241348267,
      0.08396732807159424,
      0.48650094866752625,
      0.32770460844039917,
      0.9428489804267883,
      0.5554516911506653,
      1.5205587148666382,
      0.11362293362617493,
      0.563815712928772,
      0.29682719707489014,
      1.0512160062789917,
      0.6196342706680298,
      1.9415956735610962,
      7.052801120448179,
      103.53955078125,
      -1.5996322631835938,
      0.12676887214183807,
      0.02299528382718563,
      0.022405659779906273,
      0.0,
      0.23466980457305908,
      0.03066037781536579,
      0.03125,
      0.0,
      0.12382075190544128,
      0.03066037781536579,
      0.028891509398818016,
      0.0,
      0.26179245114326477,
      0.04245283082127571,
      0.04363207519054413,
      0.0
    ]
  },
  "combined_feature_vector": [
    0.0,
    1.0,
    1.2996026766453135,
    0.3293175884020885,
    0.10367993339813424,
    0.3878954375819169,
    0.09061238284361198,
    0.06008142141167289,
    0.027651910815133643,
    0.014689215600661451,
    0.07739995532364169,
    0.010412073628322095,
    0.07194137505076857,
    0.011109842335738185,
    0.029649501705598498,
    0.017348243754720757,
    0.014123408975924848,
    0.005035916894762137,
    0.016890735796198382,
    0.015345883186495218,
    0.110139861702919,
    0.11363636702299118,
    0.1800699234008789,
    0.08916083723306656,
    0.1241258755326271,
    0.14860139787197113,
    0.09440559148788452,
    0.139860138297081,
    0.08396732807159424,
    0.5500916838645935,
    0.32770463824272156,
    1.0539335012435913,
    0.5554516911506653,
    1.6882734298706055,
    0.11362294107675552,
    0.49712303280830383,
    0.2968272268772125,
    0.9787870049476624,
    0.6196342706680298,
    1.8654953241348267,
    0.08396732807159424,
    0.48650094866752625,
    0.32770460844039917,
    0.9428489804267883,
    0.5554516911506653,
    1.5205587148666382,
    0.11362293362617493,
    0.563815712928772,
    0.29682719707489014,
    1.0512160062789917,
    0.6196342706680298,
    1.9415956735610962,
    7.052801120448179,
    103.53955078125,
    -1.5996322631835938,
    0.12676887214183807,
    0.02299528382718563,
    0.022405659779906273,
    0.0,
    0.23466980457305908,
    0.03066037781536579,
    0.03125,
    0.0,
    0.12382075190544128,
    0.03066037781536579,
    0.028891509398818016,
    0.0,
    0.26179245114326477,
    0.04245283082127571,
    0.04363207519054413,
    0.0
  ]
}