{
  "image_path": "Formes\\bird-7.gif",
  "image_name": "bird-7.gif",
  "shape_features": {
    "fourier_descriptors": [
      0.0,
      1.0,
      0.866315897943427,
      0.23513753128544937,
      0.22748710032840794,
      0.05137636628157444,
      0.0669656575349989,
      0.07973914851439336,
      0.06063359158660244,
      0.04592325307302707,
      0.027068904955313104,
      0.007144909394714536,
      0.011633008932164263,
      0.005598145554277665,
      0.02140179803592483,
      0.01628308104823317,
      0.005718415633912692,
      0.020637129005465323,
      0.015856425705776778,
      0.009792526025206985
    ],
    "direction_histogram": [
      0.1705426424741745,
      0.13468992710113525,
      0.16472868621349335,
      0.05426356568932533,
      0.12209302186965942,
      0.17538759112358093,
      0.13081395626068115,
      0.04748062044382095
    ],
    "combined": [
      0.0,
      1.0,
      0.866315897943427,
      0.23513753128544937,
      0.22748710032840794,
      0.05137636628157444,
      0.0669656575349989,
      0.07973914851439336,
      0.06063359158660244,
      0.04592325307302707,
      0.027068904955313104,
      0.007144909394714536,
      0.011633008932164263,
      0.005598145554277665,
      0.02140179803592483,
      0.01628308104823317,
      0.005718415633912692,
      0.020637129005465323,
      0.015856425705776778,
      0.009792526025206985,
      0.1705426424741745,
      0.13468992710113525,
      0.16472868621349335,
      0.05426356568932533,
      0.12209302186965942,
      0.17538759112358093,
      0.13081395626068115,
      0.04748062044382095
    ]
  },
  "texture_features": {
    "gabor_features": [
      0.10118399560451508,
      0.6036465764045715,
      0.39633652567863464,
      1.0329638719558716,
      0.6723394989967346,
      1.7553879022598267,
      0.13823765516281128,
      0.4433879554271698,
      0.36111143231391907,
      0.9169292449951172,
      0.7543967366218567,
      1.5466578006744385,
      0.10079703480005264,
      0.5571910738945007,
      0.39764755964279175,
      1.0416018962860107,
      0.6744570732116699,
      1.7002599239349365,
      0.13823764026165009,
      0.7129637598991394,
      0.36111149191856384,
      1.6720482110977173,
      0.7543967366218567,
      2.9019415378570557
    ],
    "tamura_coarseness": 7.9695081967213115,
    "tamura_contrast": 117.12518310546875,
    "tamura_directionality": -1.640399694442749,
    "tamura_direction_histogram": [
      0.11239103227853775,
      0.032378580421209335,
      0.02366127073764801,
      0.0,
      0.09838107228279114,
      0.024283934384584427,
      0.03300124406814575,
      0.0,
      0.10429638624191284,
      0.07471980154514313,
      0.05012453347444534,
      0.0,
      0.3160024881362915,
      0.0541718564927578,
      0.07658779621124268,
      0.0
    ],
    "combined": [
      0.10118399560451508,
      0.6036465764045715,
      0.39633652567863464,
      1.0329638719558716,
      0.6723394989967346,
      1.7553879022598267,
      0.13823765516281128,
      0.4433879554271698,
      0.36111143231391907,
      0.9169292449951172,
      0.7543967366218567,
      1.5466578006744385,
      0.10079703480005264,
      0.5571910738945007,
      0.39764755964279175,
      1.0416018962860107,
      0.6744570732116699,
      1.7002599239349365,
      0.13823764026165009,
      0.7129637598991394,
      0.36111149191856384,
      1.6720482110977173,
      0.7543967366218567,
      2.9019415378570557,
      7.9695081967213115,
      117.12518310546875,
      -1.640399694442749,
      0.11239103227853775,
      0.032378580421209335,
      0.02366127073764801,
      0.0,
      0.09838107228279114,
      0.024283934384584427,
      0.03300124406814575,
      0.0,
      0.10429638624191284,
      0.07471980154514313,
      0.05012453347444534,
      0.0,
      0.3160024881362915,
      0.0541718564927578,
      0.07658779621124268,
      0.0
    ]
  },
  "combined_feature_vector": [
    0.0,
    1.0,
    0.866315897943427,
    0.23513753128544937,
    0.22748710032840794,
    0.05137636628157444,
    0.0669656575349989,
    0.07973914851439336,
    0.06063359158660244,
    0.04592325307302707,
    0.027068904955313104,
    0.007144909394714536,
    0.011633008932164263,
    0.005598145554277665,
    0.02140179803592483,
    0.01628308104823317,
    0.005718415633912692,
    0.020637129005465323,
    0.015856425705776778,
    0.009792526025206985,
    0.1705426424741745,
    0.13468992710113525,
    0.16472868621349335,
    0.05426356568932533,
    0.12209302186965942,
    0.17538759112358093,
    0.13081395626068115,
    0.04748062044382095,
    0.10118399560451508,
    0.6036465764045715,
    0.39633652567863464,
    1.0329638719558716,
    0.6723394989967346,
    1.7553879022598267,
    0.13823765516281128,
    0.4433879554271698,
    0.36111143231391907,
    0.9169292449951172,
    0.7543967366218567,
    1.5466578006744385,
    0.10079703480005264,
    0.5571910738945007,
    0.39764755964279175,
    1.0416018962860107,
    0.6744570732116699,
    1.7002599239349365,
    0.13823764026165009,
    0.7129637598991394,
    0.36111149191856384,
    1.6720482110977173,
    0.7543967366218567,
    2.9019415378570557,
    7.9695081967213115,
    117.12518310546875,
    -1.640399694442749,
    0.11239103227853775,
    0.032378580421209335,
    0.02366127073764801,
    0.0,
    0.09838107228279114,
    0.024283934384584427,
    0.03300124406814575,
    0.0,
    0.10429638624191284,
    0.07471980154514313,
    0.05012453347444534,
    0.0,
    0.3160024881362915,
    0.0541718564927578,
    0.07658779621124268,
    0.0
  ]
}