{
  "image_path": "Formes\\bird-13.gif",
  "image_name": "bird-13.gif",
  "shape_features": {
    "fourier_descriptors": [
      0.0,
      1.0,
      1.1965637672979021,
      0.4004227501766795,
      0.19271618052701378,
      0.07535801749322993,
      0.13719689886773248,
      0.11232039827495528,
      0.07284618198477338,
      0.10006920343703966,
      0.057843413551222835,
      0.004383966383539025,
      0.038019068970178,
      0.015166642529453874,
      0.021667175789146252,
      0.018217700481947163,
      0.001983739651957107,
      0.011827413510454823,
      0.016184853830662933,
      0.01122627139341866
    ],
    "direction_histogram": [
      0.21720430254936218,
      0.05161290243268013,
      0.1204301044344902,
      0.14193548262119293,
      0.1548387110233307,
      0.07096774131059647,
      0.14193548262119293,
      0.10107526928186417
    ],
    "combined": [
      0.0,
      1.0,
      1.1965637672979021,
      0.4004227501766795,
      0.19271618052701378,
      0.07535801749322993,
      0.13719689886773248,
      0.11232039827495528,
      0.07284618198477338,
      0.10006920343703966,
      0.057843413551222835,
      0.004383966383539025,
      0.038019068970178,
      0.015166642529453874,
      0.021667175789146252,
      0.018217700481947163,
      0.001983739651957107,
      0.011827413510454823,
      0.016184853830662933,
      0.01122627139341866,
      0.21720430254936218,
      0.05161290243268013,
      0.1204301044344902,
      0.14193548262119293,
      0.1548387110233307,
      0.07096774131059647,
      0.14193548262119293,
      0.10107526928186417
    ]
  },
  "texture_features": {
    "gabor_features": [
      0.08656442165374756,
      0.9827181696891785,
      0.38105982542037964,
      1.7822613716125488,
      0.629569411277771,
      2.332820177078247,
      0.1306481510400772,
      0.8014609217643738,
      0.3407338857650757,
      1.5509600639343262,
      0.7143358588218689,
      2.556304931640625,
      0.08641310781240463,
      1.149774193763733,
      0.3536347448825836,
      2.1830451488494873,
      0.5988593697547913,
      3.4029510021209717,
      0.1298244297504425,
      0.655317485332489,
      0.33797240257263184,
      1.20587158203125,
      0.7101737260818481,
      2.13364839553833
    ],
    "tamura_coarseness": 11.05475607266789,
    "tamura_contrast": 112.84554290771484,
    "tamura_directionality": -1.251359462738037,
    "tamura_direction_histogram": [
      0.13619261980056763,
      0.029345372691750526,
      0.026335591450333595,
      0.0,
      0.23401053249835968,
      0.0805116593837738,
      0.08126410841941833,
      0.0,
      0.15575620532035828,
      0.018811136484146118,
      0.018811136484146118,
      0.0,
      0.13167795538902283,
      0.04213694483041763,
      0.045146726071834564,
      0.0
    ],
    "combined": [
      0.08656442165374756,
      0.9827181696891785,
      0.38105982542037964,
      1.7822613716125488,
      0.629569411277771,
      2.332820177078247,
      0.1306481510400772,
      0.8014609217643738,
      0.3407338857650757,
      1.5509600639343262,
      0.7143358588218689,
      2.556304931640625,
      0.08641310781240463,
      1.149774193763733,
      0.3536347448825836,
      2.1830451488494873,
      0.5988593697547913,
      3.4029510021209717,
      0.1298244297504425,
      0.655317485332489,
      0.33797240257263184,
      1.20587158203125,
      0.7101737260818481,
      2.13364839553833,
      11.05475607266789,
      112.84554290771484,
      -1.251359462738037,
      0.13619261980056763,
      0.029345372691750526,
      0.026335591450333595,
      0.0,
      0.23401053249835968,
      0.0805116593837738,
      0.08126410841941833,
      0.0,
      0.15575620532035828,
      0.018811136484146118,
      0.018811136484146118,
      0.0,
      0.13167795538902283,
      0.04213694483041763,
      0.045146726071834564,
      0.0
    ]
  },
  "combined_feature_vector": [
    0.0,
    1.0,
    1.1965637672979021,
    0.4004227501766795,
    0.19271618052701378,
    0.07535801749322993,
    0.13719689886773248,
    0.11232039827495528,
    0.07284618198477338,
    0.10006920343703966,
    0.057843413551222835,
    0.004383966383539025,
    0.038019068970178,
    0.015166642529453874,
    0.021667175789146252,
    0.018217700481947163,
    0.001983739651957107,
    0.011827413510454823,
    0.016184853830662933,
    0.01122627139341866,
    0.21720430254936218,
    0.05161290243268013,
    0.1204301044344902,
    0.14193548262119293,
    0.1548387110233307,
    0.07096774131059647,
    0.14193548262119293,
    0.10107526928186417,
    0.08656442165374756,
    0.9827181696891785,
    0.38105982542037964,
    1.7822613716125488,
    0.629569411277771,
    2.332820177078247,
    0.1306481510400772,
    0.8014609217643738,
    0.3407338857650757,
    1.5509600639343262,
    0.7143358588218689,
    2.556304931640625,
    0.08641310781240463,
    1.149774193763733,
    0.3536347448825836,
    2.1830451488494873,
    0.5988593697547913,
    3.4029510021209717,
    0.1298244297504425,
    0.655317485332489,
    0.33797240257263184,
    1.20587158203125,
    0.7101737260818481,
    2.13364839553833,
    11.05475607266789,
    112.84554290771484,
    -1.251359462738037,
    0.13619261980056763,
    0.029345372691750526,
    0.026335591450333595,
    0.0,
    0.23401053249835968,
    0.0805116593837738,
    0.08126410841941833,
    0.0,
    0.15575620532035828,
    0.018811136484146118,
    0.018811136484146118,
    0.0,
    0.13167795538902283,
    0.04213694483041763,
    0.045146726071834564,
    0.0
  ]
}