{
  "image_path": "Formes\\bird-14.gif",
  "image_name": "bird-14.gif",
  "shape_features": {
    "fourier_descriptors": [
      0.0,
      1.0,
      1.1904530397913493,
      0.4601378603523895,
      0.060068589714072376,
      0.16377333823919102,
      0.17679455920712833,
      0.09312270899556783,
      0.07991415561224299,
      0.028186533170360285,
      0.014831998786003178,
      0.031006308769813452,
      0.007114093801886314,
      0.012657811438257404,
      0.013050203862769885,
      0.03662491227638203,
      0.02260395502477586,
      0.018426148463552665,
      0.011086656856482694,
      0.011123351641198707
    ],
    "direction_histogram": [
      0.19290465116500854,
      0.09090909361839294,
      0.17073170840740204,
      0.06651885062456131,
      0.15077605843544006,
      0.13525499403476715,
      0.12195122241973877,
      0.07095343619585037
    ],
    "combined": [
      0.0,
      1.0,
      1.1904530397913493,
      0.4601378603523895,
      0.060068589714072376,
      0.16377333823919102,
      0.17679455920712833,
      0.09312270899556783,
      0.07991415561224299,
      0.028186533170360285,
      0.014831998786003178,
      0.031006308769813452,
      0.007114093801886314,
      0.012657811438257404,
      0.013050203862769885,
      0.03662491227638203,
      0.02260395502477586,
      0.018426148463552665,
      0.011086656856482694,
      0.011123351641198707,
      0.19290465116500854,
      0.09090909361839294,
      0.17073170840740204,
      0.06651885062456131,
      0.15077605843544006,
      0.13525499403476715,
      0.12195122241973877,
      0.07095343619585037
    ]
  },
  "texture_features": {
    "gabor_features": [
      0.06387902051210403,
      0.899489164352417,
      0.2551932632923126,
      1.4523463249206543,
      0.43399402499198914,
      2.2332472801208496,
      0.08964899182319641,
      0.6352435946464539,
      0.23503823578357697,
      0.9970335364341736,
      0.4908534288406372,
      2.562633752822876,
      0.06289020925760269,
      0.8903740644454956,
      0.2480907440185547,
      1.6672519445419312,
      0.4386768639087677,
      2.629868268966675,
      0.0896490067243576,
      0.8354192972183228,
      0.23503825068473816,
      1.7222532033920288,
      0.4908534288406372,
      2.897571086883545
    ],
    "tamura_coarseness": 8.434364640883977,
    "tamura_contrast": 88.24020385742188,
    "tamura_directionality": -1.5136735439300537,
    "tamura_direction_histogram": [
      0.12068965286016464,
      0.043103449046611786,
      0.03735632076859474,
      0.0,
      0.17887930572032928,
      0.035919539630413055,
      0.04022988677024841,
      0.0,
      0.15086206793785095,
      0.0524425283074379,
      0.04022988677024841,
      0.0,
      0.22270114719867706,
      0.03232758492231369,
      0.045258618891239166,
      0.0
    ],
    "combined": [
      0.06387902051210403,
      0.899489164352417,
      0.2551932632923126,
      1.4523463249206543,
      0.43399402499198914,
      2.2332472801208496,
      0.08964899182319641,
      0.6352435946464539,
      0.23503823578357697,
      0.9970335364341736,
      0.4908534288406372,
      2.562633752822876,
      0.06289020925760269,
      0.8903740644454956,
      0.2480907440185547,
      1.6672519445419312,
      0.4386768639087677,
      2.629868268966675,
      0.0896490067243576,
      0.8354192972183228,
      0.23503825068473816,
      1.7222532033920288,
      0.4908534288406372,
      2.897571086883545,
      8.434364640883977,
      88.24020385742188,
      -1.5136735439300537,
      0.12068965286016464,
      0.043103449046611786,
      0.03735632076859474,
      0.0,
      0.17887930572032928,
      0.035919539630413055,
      0.04022988677024841,
      0.0,
      0.15086206793785095,
      0.0524425283074379,
      0.04022988677024841,
      0.0,
      0.22270114719867706,
      0.03232758492231369,
      0.045258618891239166,
      0.0
    ]
  },
  "combined_feature_vector": [
    0.0,
    1.0,
    1.1904530397913493,
    0.4601378603523895,
    0.060068589714072376,
    0.16377333823919102,
    0.17679455920712833,
    0.09312270899556783,
    0.07991415561224299,
    0.028186533170360285,
    0.014831998786003178,
    0.031006308769813452,
    0.007114093801886314,
    0.012657811438257404,
    0.013050203862769885,
    0.03662491227638203,
    0.02260395502477586,
    0.018426148463552665,
    0.011086656856482694,
    0.011123351641198707,
    0.19290465116500854,
    0.09090909361839294,
    0.17073170840740204,
    0.06651885062456131,
    0.15077605843544006,
    0.13525499403476715,
    0.12195122241973877,
    0.07095343619585037,
    0.06387902051210403,
    0.899489164352417,
    0.2551932632923126,
    1.4523463249206543,
    0.43399402499198914,
    2.2332472801208496,
    0.08964899182319641,
    0.6352435946464539,
    0.23503823578357697,
    0.9970335364341736,
    0.4908534288406372,
    2.562633752822876,
    0.06289020925760269,
    0.8903740644454956,
    0.2480907440185547,
    1.6672519445419312,
    0.4386768639087677,
    2.629868268966675,
    0.0896490067243576,
    0.8354192972183228,
    0.23503825068473816,
    1.7222532033920288,
    0.4908534288406372,
    2.897571086883545,
    8.434364640883977,
    88.24020385742188,
    -1.5136735439300537,
    0.12068965286016464,
    0.043103449046611786,
    0.03735632076859474,
    0.0,
    0.17887930572032928,
    0.035919539630413055,
    0.04022988677024841,
    0.0,
    0.15086206793785095,
    0.0524425283074379,
    0.04022988677024841,
    0.0,
    0.22270114719867706,
    0.03232758492231369,
    0.045258618891239166,
    0.0
  ]
}