{
  "image_path": "Formes\\bird-8.gif",
  "image_name": "bird-8.gif",
  "shape_features": {
    "fourier_descriptors": [
      0.0,
      1.0,
      0.7807312079069388,
      0.19255148206150663,
      0.24448860081326176,
      0.05728915925818918,
      0.04423201982025466,
      0.09197183187813636,
      0.029920338309190168,
      0.06865686431503513,
      0.017068227303982764,
      0.003115130796889218,
      0.009446799838778155,
      0.007828758225195707,
      0.011566133654612483,
      0.0039416290516724175,
      0.004260040764839868,
      0.00451425026032596,
      0.010161482169966644,
      0.00535681201813223
    ],
    "direction_histogram": [
      0.08204193413257599,
      0.14494074881076813,
      0.14767548441886902,
      0.13126708567142487,
      0.07110300660133362,
      0.14038285613059998,
      0.16590702533721924,
      0.11668185889720917
    ],
    "combined": [
      0.0,
      1.0,
      0.7807312079069388,
      0.19255148206150663,
      0.24448860081326176,
      0.05728915925818918,
      0.04423201982025466,
      0.09197183187813636,
      0.029920338309190168,
      0.06865686431503513,
      0.017068227303982764,
      0.003115130796889218,
      0.009446799838778155,
      0.007828758225195707,
      0.011566133654612483,
      0.0039416290516724175,
      0.004260040764839868,
      0.00451425026032596,
      0.010161482169966644,
      0.00535681201813223,
      0.08204193413257599,
      0.14494074881076813,
      0.14767548441886902,
      0.13126708567142487,
      0.07110300660133362,
      0.14038285613059998,
      0.16590702533721924,
      0.11668185889720917
    ]
  },
  "texture_features": {
    "gabor_features": [
      0.05087254196405411,
      0.4786660373210907,
      0.1985434889793396,
      1.0784997940063477,
      0.3365266025066376,
      1.8562724590301514,
      0.06883973628282547,
      0.46577373147010803,
      0.17983610928058624,
      0.7923110723495483,
      0.3754124045372009,
      1.406408667564392,
      0.050872553139925,
      0.3879539668560028,
      0.1985434591770172,
      0.6436535716056824,
      0.3365266025066376,
      1.0978738069534302,
      0.06883973628282547,
      0.4597437083721161,
      0.17983609437942505,
      0.8036152720451355,
      0.3754124045372009,
      1.3749688863754272
    ],
    "tamura_coarseness": 4.761978108779057,
    "tamura_contrast": 72.99160766601562,
    "tamura_directionality": -2.230163335800171,
    "tamura_direction_histogram": [
      0.2092638611793518,
      0.0612076111137867,
      0.04080507159233093,
      0.0,
      0.17976288497447968,
      0.015715466812253,
      0.03639371320605278,
      0.0,
      0.06810035556554794,
      0.03970223292708397,
      0.025089606642723083,
      0.0,
      0.20678246021270752,
      0.05045492202043533,
      0.06672181189060211,
      0.0
    ],
    "combined": [
      0.05087254196405411,
      0.4786660373210907,
      0.1985434889793396,
      1.0784997940063477,
      0.3365266025066376,
      1.8562724590301514,
      0.06883973628282547,
      0.46577373147010803,
      0.17983610928058624,
      0.7923110723495483,
      0.3754124045372009,
      1.406408667564392,
      0.050872553139925,
      0.3879539668560028,
      0.1985434591770172,
      0.6436535716056824,
      0.3365266025066376,
      1.0978738069534302,
      0.06883973628282547,
      0.4597437083721161,
      0.17983609437942505,
      0.8036152720451355,
      0.3754124045372009,
      1.3749688863754272,
      4.761978108779057,
      72.99160766601562,
      -2.230163335800171,
      0.2092638611793518,
      0.0612076111137867,
      0.04080507159233093,
      0.0,
      0.17976288497447968,
      0.015715466812253,
      0.03639371320605278,
      0.0,
      0.06810035556554794,
      0.03970223292708397,
      0.025089606642723083,
      0.0,
      0.20678246021270752,
      0.05045492202043533,
      0.06672181189060211,
      0.0
    ]
  },
  "combined_feature_vector": [
    0.0,
    1.0,
    0.7807312079069388,
    0.19255148206150663,
    0.24448860081326176,
    0.05728915925818918,
    0.04423201982025466,
    0.09197183187813636,
    0.029920338309190168,
    0.06865686431503513,
    0.017068227303982764,
    0.003115130796889218,
    0.009446799838778155,
    0.007828758225195707,
    0.011566133654612483,
    0.0039416290516724175,
    0.004260040764839868,
    0.00451425026032596,
    0.010161482169966644,
    0.00535681201813223,
    0.08204193413257599,
    0.14494074881076813,
    0.14767548441886902,
    0.13126708567142487,
    0.07110300660133362,
    0.14038285613059998,
    0.16590702533721924,
    0.11668185889720917,
    0.05087254196405411,
    0.4786660373210907,
    0.1985434889793396,
    1.0784997940063477,
    0.3365266025066376,
    1.8562724590301514,
    0.06883973628282547,
    0.46577373147010803,
    0.17983610928058624,
    0.7923110723495483,
    0.3754124045372009,
    1.406408667564392,
    0.050872553139925,
    0.3879539668560028,
    0.1985434591770172,
    0.6436535716056824,
    0.3365266025066376,
    1.0978738069534302,
    0.06883973628282547,
    0.4597437083721161,
    0.17983609437942505,
    0.8036152720451355,
    0.3754124045372009,
    1.3749688863754272,
    4.761978108779057,
    72.99160766601562,
    -2.230163335800171,
    0.2092638611793518,
    0.0612076111137867,
    0.04080507159233093,
    0.0,
    0.17976288497447968,
    0.015715466812253,
    0.03639371320605278,
    0.0,
    0.06810035556554794,
    0.03970223292708397,
    0.025089606642723083,
    0.0,
    0.20678246021270752,
    0.05045492202043533,
    0.06672181189060211,
    0.0
  ]
}