{
  "image_path": "Formes\\bird-15.gif",
  "image_name": "bird-15.gif",
  "shape_features": {
    "fourier_descriptors": [
      0.0,
      1.0,
      0.8752951001838354,
      0.24997835866170148,
      0.10609758820048262,
      0.02902363512841527,
      0.0973425654808737,
      0.09660378372572502,
      0.012367246376501544,
      0.042176083865696774,
      0.04417207603489507,
      0.026645192395638933,
      0.025052055341513918,
      0.022010137026194868,
      0.026739531030188127,
      0.0327816762615709,
      0.024345346068937446,
      0.016704701318957283,
      0.021151718702521412,
      0.017995630181033243
    ],
    "direction_histogram": [
      0.19070321321487427,
      0.12336114794015884,
      0.16865316033363342,
      0.06138259917497635,
      0.1025029793381691,
      0.191299170255661,
      0.12038140743970871,
      0.041716329753398895
    ],
    "combined": [
      0.0,
      1.0,
      0.8752951001838354,
      0.24997835866170148,
      0.10609758820048262,
      0.02902363512841527,
      0.0973425654808737,
      0.09660378372572502,
      0.012367246376501544,
      0.042176083865696774,
      0.04417207603489507,
      0.026645192395638933,
      0.025052055341513918,
      0.022010137026194868,
      0.026739531030188127,
      0.0327816762615709,
      0.024345346068937446,
      0.016704701318957283,
      0.021151718702521412,
      0.017995630181033243,
      0.19070321321487427,
      0.12336114794015884,
      0.16865316033363342,
      0.06138259917497635,
      0.1025029793381691,
      0.191299170255661,
      0.12038140743970871,
      0.041716329753398895
    ]
  },
  "texture_features": {
    "gabor_features": [
      0.08431079983711243,
      0.42285463213920593,
      0.3281477987766266,
      0.8593013286590576,
      0.5560060143470764,
      1.4806771278381348,
      0.11392626911401749,
      0.39956146478652954,
      0.29760774970054626,
      0.7859054207801819,
      0.6214348077774048,
      1.4073737859725952,
      0.08325182646512985,
      0.46702125668525696,
      0.3275071978569031,
      0.8374742269515991,
      0.5553997755050659,
      1.3924890756607056,
      0.11392627656459808,
      0.5539073944091797,
      0.29760777950286865,
      1.199794054031372,
      0.6214348077774048,
      2.135554075241089
    ],
    "tamura_coarseness": 5.506220698037854,
    "tamura_contrast": 104.4009017944336,
    "tamura_directionality": -1.5495631694793701,
    "tamura_direction_histogram": [
      0.11275964230298996,
      0.020771512761712074,
      0.016956336796283722,
      0.0,
      0.10279779881238937,
      0.023314964026212692,
      0.027554048225283623,
      0.0,
      0.09961847960948944,
      0.0771513357758522,
      0.06443408131599426,
      0.0,
      0.31941500306129456,
      0.061678677797317505,
      0.07354811578989029,
      0.0
    ],
    "combined": [
      0.08431079983711243,
      0.42285463213920593,
      0.3281477987766266,
      0.8593013286590576,
      0.5560060143470764,
      1.4806771278381348,
      0.11392626911401749,
      0.39956146478652954,
      0.29760774970054626,
      0.7859054207801819,
      0.6214348077774048,
      1.4073737859725952,
      0.08325182646512985,
      0.46702125668525696,
      0.3275071978569031,
      0.8374742269515991,
      0.5553997755050659,
      1.3924890756607056,
      0.11392627656459808,
      0.5539073944091797,
      0.29760777950286865,
      1.199794054031372,
      0.6214348077774048,
      2.135554075241089,
      5.506220698037854,
      104.4009017944336,
      -1.5495631694793701,
      0.11275964230298996,
      0.020771512761712074,
      0.016956336796283722,
      0.0,
      0.10279779881238937,
      0.023314964026212692,
      0.027554048225283623,
      0.0,
      0.09961847960948944,
      0.0771513357758522,
      0.06443408131599426,
      0.0,
      0.31941500306129456,
      0.061678677797317505,
      0.07354811578989029,
      0.0
    ]
  },
  "combined_feature_vector": [
    0.0,
    1.0,
    0.8752951001838354,
    0.24997835866170148,
    0.10609758820048262,
    0.02902363512841527,
    0.0973425654808737,
    0.09660378372572502,
    0.012367246376501544,
    0.042176083865696774,
    0.04417207603489507,
    0.026645192395638933,
    0.025052055341513918,
    0.022010137026194868,
    0.026739531030188127,
    0.0327816762615709,
    0.024345346068937446,
    0.016704701318957283,
    0.021151718702521412,
    0.017995630181033243,
    0.19070321321487427,
    0.12336114794015884,
    0.16865316033363342,
    0.06138259917497635,
    0.1025029793381691,
    0.191299170255661,
    0.12038140743970871,
    0.041716329753398895,
    0.08431079983711243,
    0.42285463213920593,
    0.3281477987766266,
    0.8593013286590576,
    0.5560060143470764,
    1.4806771278381348,
    0.11392626911401749,
    0.39956146478652954,
    0.29760774970054626,
    0.7859054207801819,
    0.6214348077774048,
    1.4073737859725952,
    0.08325182646512985,
    0.46702125668525696,
    0.3275071978569031,
    0.8374742269515991,
    0.5553997755050659,
    1.3924890756607056,
    0.11392627656459808,
    0.5539073944091797,
    0.29760777950286865,
    1.199794054031372,
    0.6214348077774048,
    2.135554075241089,
    5.506220698037854,
    104.4009017944336,
    -1.5495631694793701,
    0.11275964230298996,
    0.020771512761712074,
    0.016956336796283722,
    0.0,
    0.10279779881238937,
    0.023314964026212692,
    0.027554048225283623,
    0.0,
    0.09961847960948944,
    0.0771513357758522,
    0.06443408131599426,
    0.0,
    0.31941500306129456,
    0.061678677797317505,
    0.07354811578989029,
    0.0
  ]
}