{
  "image_path": "Formes\\camel-1.gif",
  "image_name": "camel-1.gif",
  "shape_features": {
    "fourier_descriptors": [
      0.0,
      1.0,
      0.23076407390920783,
      0.4977167568521763,
      0.22156732901658469,
      0.30507062968466886,
      0.1439597180543165,
      0.16178948598132098,
      0.1432845993328512,
      0.2187609907618235,
      0.020576999133609573,
      0.07436121462969304,
      0.03977169241620564,
      0.01573509759332469,
      0.038252699105515556,
      0.010374745706275069,
      0.04224085865708811,
      0.035690198972699996,
      0.023050297044787685,
      0.03635504688994707
    ],
    "direction_histogram": [
      0.09956075996160507,
      0.0907759889960289,
      0.2152269333600998,
      0.10322108119726181,
      0.08199121803045273,
      0.09443631023168564,
      0.2247437834739685,
      0.09004392474889755
    ],
    "combined": [
      0.0,
      1.0,
      0.23076407390920783,
      0.4977167568521763,
      0.22156732901658469,
      0.30507062968466886,
      0.1439597180543165,
      0.16178948598132098,
      0.1432845993328512,
      0.2187609907618235,
      0.020576999133609573,
      0.07436121462969304,
      0.03977169241620564,
      0.01573509759332469,
      0.038252699105515556,
      0.010374745706275069,
      0.04224085865708811,
      0.035690198972699996,
      0.023050297044787685,
      0.03635504688994707,
      0.09956075996160507,
      0.0907759889960289,
      0.2152269333600998,
      0.10322108119726181,
      0.08199121803045273,
      0.09443631023168564,
      0.2247437834739685,
      0.09004392474889755
    ]
  },
  "texture_features": {
    "gabor_features": [
      0.08538884669542313,
      0.691288948059082,
      0.33325234055519104,
      1.391198754310608,
      0.5648549795150757,
      2.284008502960205,
      0.11554647237062454,
      0.5445718169212341,
      0.3018522560596466,
      1.0622984170913696,
      0.6301240921020508,
      1.8105491399765015,
      0.08538884669542313,
      0.418499231338501,
      0.3332523703575134,
      0.9212473630905151,
      0.5648549795150757,
      1.4779753684997559,
      0.11554647237062454,
      0.4800368547439575,
      0.3018522560596466,
      0.9590358734130859,
      0.6301242113113403,
      1.665103554725647
    ],
    "tamura_coarseness": 6.528201433665934,
    "tamura_contrast": 105.40412902832031,
    "tamura_directionality": -2.089463949203491,
    "tamura_direction_histogram": [
      0.21769067645072937,
      0.04713983088731766,
      0.046875,
      0.0,
      0.20762711763381958,
      0.026218220591545105,
      0.026483051478862762,
      0.0,
      0.07680084556341171,
      0.028601694852113724,
      0.028336863964796066,
      0.0,
      0.1875,
      0.05323093384504318,
      0.05349576100707054,
      0.0
    ],
    "combined": [
      0.08538884669542313,
      0.691288948059082,
      0.33325234055519104,
      1.391198754310608,
      0.5648549795150757,
      2.284008502960205,
      0.11554647237062454,
      0.5445718169212341,
      0.3018522560596466,
      1.0622984170913696,
      0.6301240921020508,
      1.8105491399765015,
      0.08538884669542313,
      0.418499231338501,
      0.3332523703575134,
      0.9212473630905151,
      0.5648549795150757,
      1.4779753684997559,
      0.11554647237062454,
      0.4800368547439575,
      0.3018522560596466,
      0.9590358734130859,
      0.6301242113113403,
      1.665103554725647,
      6.528201433665934,
      105.40412902832031,
      -2.089463949203491,
      0.21769067645072937,
      0.04713983088731766,
      0.046875,
      0.0,
      0.20762711763381958,
      0.026218220591545105,
      0.026483051478862762,
      0.0,
      0.07680084556341171,
      0.028601694852113724,
      0.028336863964796066,
      0.0,
      0.1875,
      0.05323093384504318,
      0.05349576100707054,
      0.0
    ]
  },
  "combined_feature_vector": [
    0.0,
    1.0,
    0.23076407390920783,
    0.4977167568521763,
    0.22156732901658469,
    0.30507062968466886,
    0.1439597180543165,
    0.16178948598132098,
    0.1432845993328512,
    0.2187609907618235,
    0.020576999133609573,
    0.07436121462969304,
    0.03977169241620564,
    0.01573509759332469,
    0.038252699105515556,
    0.010374745706275069,
    0.04224085865708811,
    0.035690198972699996,
    0.023050297044787685,
    0.03635504688994707,
    0.09956075996160507,
    0.0907759889960289,
    0.2152269333600998,
    0.10322108119726181,
    0.08199121803045273,
    0.09443631023168564,
    0.2247437834739685,
    0.09004392474889755,
    0.08538884669542313,
    0.691288948059082,
    0.33325234055519104,
    1.391198754310608,
    0.5648549795150757,
    2.284008502960205,
    0.11554647237062454,
    0.5445718169212341,
    0.3018522560596466,
    1.0622984170913696,
    0.6301240921020508,
    1.8105491399765015,
    0.08538884669542313,
    0.418499231338501,
    0.3332523703575134,
    0.9212473630905151,
    0.5648549795150757,
    1.4779753684997559,
    0.11554647237062454,
    0.4800368547439575,
    0.3018522560596466,
    0.9590358734130859,
    0.6301242113113403,
    1.665103554725647,
    6.528201433665934,
    105.40412902832031,
    -2.089463949203491,
    0.21769067645072937,
    0.04713983088731766,
    0.046875,
    0.0,
    0.20762711763381958,
    0.026218220591545105,
    0.026483051478862762,
    0.0,
    0.07680084556341171,
    0.028601694852113724,
    0.028336863964796066,
    0.0,
    0.1875,
    0.05323093384504318,
    0.05349576100707054,
    0.0
  ]
}