{
  "image_path": "Formes\\camel-4.gif",
  "image_name": "camel-4.gif",
  "shape_features": {
    "fourier_descriptors": [
      0.0,
      1.0,
      0.8448849918055569,
      1.0985092178503166,
      0.6514716809022861,
      0.9185479150173663,
      0.3099428400748222,
      1.362864151558895,
      1.3444041597820573,
      0.1275147681838384,
      0.38243510179856527,
      0.046671234034460884,
      0.27901043070001713,
      0.16949234906765853,
      0.07302091040307264,
      0.2991722648740806,
      0.15552294484685392,
      0.05453184019492101,
      0.16113346340136422,
      0.15281497146628223
    ],
    "direction_histogram": [
      0.10814673453569412,
      0.09861838817596436,
      0.19056694209575653,
      0.10909957438707352,
      0.09528347104787827,
      0.08813720941543579,
      0.22391614317893982,
      0.0862315371632576
    ],
    "combined": [
      0.0,
      1.0,
      0.8448849918055569,
      1.0985092178503166,
      0.6514716809022861,
      0.9185479150173663,
      0.3099428400748222,
      1.362864151558895,
      1.3444041597820573,
      0.1275147681838384,
      0.38243510179856527,
      0.046671234034460884,
      0.27901043070001713,
      0.16949234906765853,
      0.07302091040307264,
      0.2991722648740806,
      0.15552294484685392,
      0.05453184019492101,
      0.16113346340136422,
      0.15281497146628223,
      0.10814673453569412,
      0.09861838817596436,
      0.19056694209575653,
      0.10909957438707352,
      0.09528347104787827,
      0.08813720941543579,
      0.22391614317893982,
      0.0862315371632576
    ]
  },
  "texture_features": {
    "gabor_features": [
      0.08858361840248108,
      0.7123894691467285,
      0.3457208275794983,
      1.4167054891586304,
      0.5859887599945068,
      2.471992254257202,
      0.11986958980560303,
      0.572530210018158,
      0.3131459355354309,
      1.0857386589050293,
      0.6536999344825745,
      1.9209866523742676,
      0.08858361840248108,
      0.5148531198501587,
      0.3457208275794983,
      1.0754345655441284,
      0.5859887599945068,
      1.845503330230713,
      0.11986958980560303,
      0.6141555309295654,
      0.31314587593078613,
      1.160858154296875,
      0.6536999940872192,
      2.088730812072754
    ],
    "tamura_coarseness": 7.843168836697768,
    "tamura_contrast": 107.91145324707031,
    "tamura_directionality": -2.003181219100952,
    "tamura_direction_histogram": [
      0.1906728595495224,
      0.0574771985411644,
      0.0571330226957798,
      0.0,
      0.19084495306015015,
      0.03458957001566887,
      0.03493374586105347,
      0.0,
      0.08828084915876389,
      0.02460850030183792,
      0.02443641424179077,
      0.0,
      0.19463087618350983,
      0.05110996216535568,
      0.05128205195069313,
      0.0
    ],
    "combined": [
      0.08858361840248108,
      0.7123894691467285,
      0.3457208275794983,
      1.4167054891586304,
      0.5859887599945068,
      2.471992254257202,
      0.11986958980560303,
      0.572530210018158,
      0.3131459355354309,
      1.0857386589050293,
      0.6536999344825745,
      1.9209866523742676,
      0.08858361840248108,
      0.5148531198501587,
      0.3457208275794983,
      1.0754345655441284,
      0.5859887599945068,
      1.845503330230713,
      0.11986958980560303,
      0.6141555309295654,
      0.31314587593078613,
      1.160858154296875,
      0.6536999940872192,
      2.088730812072754,
      7.843168836697768,
      107.91145324707031,
      -2.003181219100952,
      0.1906728595495224,
      0.0574771985411644,
      0.0571330226957798,
      0.0,
      0.19084495306015015,
      0.03458957001566887,
      0.03493374586105347,
      0.0,
      0.08828084915876389,
      0.02460850030183792,
      0.02443641424179077,
      0.0,
      0.19463087618350983,
      0.05110996216535568,
      0.05128205195069313,
      0.0
    ]
  },
  "combined_feature_vector": [
    0.0,
    1.0,
    0.8448849918055569,
    1.0985092178503166,
    0.6514716809022861,
    0.9185479150173663,
    0.3099428400748222,
    1.362864151558895,
    1.3444041597820573,
    0.1275147681838384,
    0.38243510179856527,
    0.046671234034460884,
    0.27901043070001713,
    0.16949234906765853,
    0.07302091040307264,
    0.2991722648740806,
    0.15552294484685392,
    0.05453184019492101,
    0.16113346340136422,
    0.15281497146628223,
    0.10814673453569412,
    0.09861838817596436,
    0.19056694209575653,
    0.10909957438707352,
    0.09528347104787827,
    0.08813720941543579,
    0.22391614317893982,
    0.0862315371632576,
    0.08858361840248108,
    0.7123894691467285,
    0.3457208275794983,
    1.4167054891586304,
    0.5859887599945068,
    2.471992254257202,
    0.11986958980560303,
    0.572530210018158,
    0.3131459355354309,
    1.0857386589050293,
    0.6536999344825745,
    1.9209866523742676,
    0.08858361840248108,
    0.5148531198501587,
    0.3457208275794983,
    1.0754345655441284,
    0.5859887599945068,
    1.845503330230713,
    0.11986958980560303,
    0.6141555309295654,
    0.31314587593078613,
    1.160858154296875,
    0.6536999940872192,
    2.088730812072754,
    7.843168836697768,
    107.91145324707031,
    -2.003181219100952,
    0.1906728595495224,
    0.0574771985411644,
    0.0571330226957798,
    0.0,
    0.19084495306015015,
    0.03458957001566887,
    0.03493374586105347,
    0.0,
    0.08828084915876389,
    0.02460850030183792,
    0.02443641424179077,
    0.0,
    0.19463087618350983,
    0.05110996216535568,
    0.05128205195069313,
    0.0
  ]
}