{
  "image_path": "Formes\\camel-5.gif",
  "image_name": "camel-5.gif",
  "shape_features": {
    "fourier_descriptors": [
      0.0,
      1.0,
      0.5234747300574198,
      0.16243280712655403,
      0.18159227557187524,
      0.2833271862199474,
      0.18302201153552777,
      0.11397555306943039,
      0.05004479334440228,
      0.02192107232618978,
      0.0908324422734014,
      0.0469214968454,
      0.09918388560894302,
      0.05758796071014697,
      0.0183170376091398,
      0.020160131443754666,
      0.020711466115197537,
      0.009263922755213781,
      0.04092535477566847,
      0.0057786843522267175
    ],
    "direction_histogram": [
      0.09568162262439728,
      0.07620660215616226,
      0.21591871976852417,
      0.1176968663930893,
      0.08467400819063187,
      0.08382726460695267,
      0.21083827316761017,
      0.11515665054321289
    ],
    "combined": [
      0.0,
      1.0,
      0.5234747300574198,
      0.16243280712655403,
      0.18159227557187524,
      0.2833271862199474,
      0.18302201153552777,
      0.11397555306943039,
      0.05004479334440228,
      0.02192107232618978,
      0.0908324422734014,
      0.0469214968454,
      0.09918388560894302,
      0.05758796071014697,
      0.0183170376091398,
      0.020160131443754666,
      0.020711466115197537,
      0.009263922755213781,
      0.04092535477566847,
      0.0057786843522267175,
      0.09568162262439728,
      0.07620660215616226,
      0.21591871976852417,
      0.1176968663930893,
      0.08467400819063187,
      0.08382726460695267,
      0.21083827316761017,
      0.11515665054321289
    ]
  },
  "texture_features": {
    "gabor_features": [
      0.06968341022729874,
      0.6079050302505493,
      0.2719578146934509,
      1.3180633783340454,
      0.4609621465206146,
      2.170475721359253,
      0.09429420530796051,
      0.5885084271430969,
      0.2463330775499344,
      1.215142846107483,
      0.5142265558242798,
      2.047896146774292,
      0.06968341022729874,
      0.4762481451034546,
      0.2719578146934509,
      0.9673881530761719,
      0.46096211671829224,
      1.562448501586914,
      0.09429420530796051,
      0.45934808254241943,
      0.2463330775499344,
      0.9546668529510498,
      0.5142265558242798,
      1.6484360694885254
    ],
    "tamura_coarseness": 6.7951355145232695,
    "tamura_contrast": 91.74031066894531,
    "tamura_directionality": -1.7771079540252686,
    "tamura_direction_histogram": [
      0.20024271309375763,
      0.06978155672550201,
      0.06887135654687881,
      0.0,
      0.24089805781841278,
      0.0227548535913229,
      0.02366504818201065,
      0.0,
      0.0776699036359787,
      0.030339805409312248,
      0.02973300963640213,
      0.0,
      0.16140776872634888,
      0.037014562636613846,
      0.03762136027216911,
      0.0
    ],
    "combined": [
      0.06968341022729874,
      0.6079050302505493,
      0.2719578146934509,
      1.3180633783340454,
      0.4609621465206146,
      2.170475721359253,
      0.09429420530796051,
      0.5885084271430969,
      0.2463330775499344,
      1.215142846107483,
      0.5142265558242798,
      2.047896146774292,
      0.06968341022729874,
      0.4762481451034546,
      0.2719578146934509,
      0.9673881530761719,
      0.46096211671829224,
      1.562448501586914,
      0.09429420530796051,
      0.45934808254241943,
      0.2463330775499344,
      0.9546668529510498,
      0.5142265558242798,
      1.6484360694885254,
      6.7951355145232695,
      91.74031066894531,
      -1.7771079540252686,
      0.20024271309375763,
      0.06978155672550201,
      0.06887135654687881,
      0.0,
      0.24089805781841278,
      0.0227548535913229,
      0.02366504818201065,
      0.0,
      0.0776699036359787,
      0.030339805409312248,
      0.02973300963640213,
      0.0,
      0.16140776872634888,
      0.037014562636613846,
      0.03762136027216911,
      0.0
    ]
  },
  "combined_feature_vector": [
    0.0,
    1.0,
    0.5234747300574198,
    0.16243280712655403,
    0.18159227557187524,
    0.2833271862199474,
    0.18302201153552777,
    0.11397555306943039,
    0.05004479334440228,
    0.02192107232618978,
    0.0908324422734014,
    0.0469214968454,
    0.09918388560894302,
    0.05758796071014697,
    0.0183170376091398,
    0.020160131443754666,
    0.020711466115197537,
    0.009263922755213781,
    0.04092535477566847,
    0.0057786843522267175,
    0.09568162262439728,
    0.07620660215616226,
    0.21591871976852417,
    0.1176968663930893,
    0.08467400819063187,
    0.08382726460695267,
    0.21083827316761017,
    0.11515665054321289,
    0.06968341022729874,
    0.6079050302505493,
    0.2719578146934509,
    1.3180633783340454,
    0.4609621465206146,
    2.170475721359253,
    0.09429420530796051,
    0.5885084271430969,
    0.2463330775499344,
    1.215142846107483,
    0.5142265558242798,
    2.047896146774292,
    0.06968341022729874,
    0.4762481451034546,
    0.2719578146934509,
    0.9673881530761719,
    0.46096211671829224,
    1.562448501586914,
    0.09429420530796051,
    0.45934808254241943,
    0.2463330775499344,
    0.9546668529510498,
    0.5142265558242798,
    1.6484360694885254,
    6.7951355145232695,
    91.74031066894531,
    -1.7771079540252686,
    0.20024271309375763,
    0.06978155672550201,
    0.06887135654687881,
    0.0,
    0.24089805781841278,
    0.0227548535913229,
    0.02366504818201065,
    0.0,
    0.0776699036359787,
    0.030339805409312248,
    0.02973300963640213,
    0.0,
    0.16140776872634888,
    0.037014562636613846,
    0.03762136027216911,
    0.0
  ]
}