{
  "image_path": "Formes\\camel-2.gif",
  "image_name": "camel-2.gif",
  "shape_features": {
    "fourier_descriptors": [
      0.0,
      1.0,
      1.0022310939591605,
      0.683380661221188,
      0.5597002504644968,
      0.7482216851890497,
      0.7397084961405402,
      0.550856825694134,
      0.029715965567731824,
      0.15866335477471616,
      0.1802922018882416,
      0.24507390140974833,
      0.1001897065241268,
      0.20821956286554089,
      0.09287657156189155,
      0.13118810340821102,
      0.08451459790818415,
      0.02673276769564081,
      0.009713000980762112,
      0.028588531692081025
    ],
    "direction_histogram": [
      0.13226205110549927,
      0.0679851695895195,
      0.2224969118833542,
      0.09085290133953094,
      0.10506798326969147,
      0.0840543881058693,
      0.21693448722362518,
      0.08034610748291016
    ],
    "combined": [
      0.0,
      1.0,
      1.0022310939591605,
      0.683380661221188,
      0.5597002504644968,
      0.7482216851890497,
      0.7397084961405402,
      0.550856825694134,
      0.029715965567731824,
      0.15866335477471616,
      0.1802922018882416,
      0.24507390140974833,
      0.1001897065241268,
      0.20821956286554089,
      0.09287657156189155,
      0.13118810340821102,
      0.08451459790818415,
      0.02673276769564081,
      0.009713000980762112,
      0.028588531692081025,
      0.13226205110549927,
      0.0679851695895195,
      0.2224969118833542,
      0.09085290133953094,
      0.10506798326969147,
      0.0840543881058693,
      0.21693448722362518,
      0.08034610748291016
    ]
  },
  "texture_features": {
    "gabor_features": [
      0.08332010358572006,
      0.6590626835823059,
      0.3251786231994629,
      1.3772870302200317,
      0.5511701703071594,
      2.4068970680236816,
      0.11274711787700653,
      0.5023083686828613,
      0.2945392429828644,
      0.9778206944465637,
      0.6148581504821777,
      1.7268662452697754,
      0.08332011103630066,
      0.7728127837181091,
      0.3251786530017853,
      1.3820260763168335,
      0.5511702299118042,
      2.1676454544067383,
      0.11274711042642593,
      0.5003114938735962,
      0.2945392429828644,
      0.9183697700500488,
      0.6148581504821777,
      1.7048860788345337
    ],
    "tamura_coarseness": 7.9040599493385875,
    "tamura_contrast": 103.72664642333984,
    "tamura_directionality": -1.9558238983154297,
    "tamura_direction_histogram": [
      0.21561771631240845,
      0.06853146851062775,
      0.06806527078151703,
      0.0,
      0.16643357276916504,
      0.0237762238830328,
      0.024242423474788666,
      0.0,
      0.12960372865200043,
      0.026806525886058807,
      0.02657342702150345,
      0.0,
      0.15617716312408447,
      0.04685314744710922,
      0.04731934890151024,
      0.0
    ],
    "combined": [
      0.08332010358572006,
      0.6590626835823059,
      0.3251786231994629,
      1.3772870302200317,
      0.5511701703071594,
      2.4068970680236816,
      0.11274711787700653,
      0.5023083686828613,
      0.2945392429828644,
      0.9778206944465637,
      0.6148581504821777,
      1.7268662452697754,
      0.08332011103630066,
      0.7728127837181091,
      0.3251786530017853,
      1.3820260763168335,
      0.5511702299118042,
      2.1676454544067383,
      0.11274711042642593,
      0.5003114938735962,
      0.2945392429828644,
      0.9183697700500488,
      0.6148581504821777,
      1.7048860788345337,
      7.9040599493385875,
      103.72664642333984,
      -1.9558238983154297,
      0.21561771631240845,
      0.06853146851062775,
      0.06806527078151703,
      0.0,
      0.16643357276916504,
      0.0237762238830328,
      0.024242423474788666,
      0.0,
      0.12960372865200043,
      0.026806525886058807,
      0.02657342702150345,
      0.0,
      0.15617716312408447,
      0.04685314744710922,
      0.04731934890151024,
      0.0
    ]
  },
  "combined_feature_vector": [
    0.0,
    1.0,
    1.0022310939591605,
    0.683380661221188,
    0.5597002504644968,
    0.7482216851890497,
    0.7397084961405402,
    0.550856825694134,
    0.029715965567731824,
    0.15866335477471616,
    0.1802922018882416,
    0.24507390140974833,
    0.1001897065241268,
    0.20821956286554089,
    0.09287657156189155,
    0.13118810340821102,
    0.08451459790818415,
    0.02673276769564081,
    0.009713000980762112,
    0.028588531692081025,
    0.13226205110549927,
    0.0679851695895195,
    0.2224969118833542,
    0.09085290133953094,
    0.10506798326969147,
    0.0840543881058693,
    0.21693448722362518,
    0.08034610748291016,
    0.08332010358572006,
    0.6590626835823059,
    0.3251786231994629,
    1.3772870302200317,
    0.5511701703071594,
    2.4068970680236816,
    0.11274711787700653,
    0.5023083686828613,
    0.2945392429828644,
    0.9778206944465637,
    0.6148581504821777,
    1.7268662452697754,
    0.08332011103630066,
    0.7728127837181091,
    0.3251786530017853,
    1.3820260763168335,
    0.5511702299118042,
    2.1676454544067383,
    0.11274711042642593,
    0.5003114938735962,
    0.2945392429828644,
    0.9183697700500488,
    0.6148581504821777,
    1.7048860788345337,
    7.9040599493385875,
    103.72664642333984,
    -1.9558238983154297,
    0.21561771631240845,
    0.06853146851062775,
    0.06806527078151703,
    0.0,
    0.16643357276916504,
    0.0237762238830328,
    0.024242423474788666,
    0.0,
    0.12960372865200043,
    0.026806525886058807,
    0.02657342702150345,
    0.0,
    0.15617716312408447,
    0.04685314744710922,
    0.04731934890151024,
    0.0
  ]
}