{
  "image_path": "Formes\\camel-3.gif",
  "image_name": "camel-3.gif",
  "shape_features": {
    "fourier_descriptors": [
      0.0,
      1.0,
      5.968183919587874,
      1.7120990278867918,
      5.543231753792874,
      5.70094507235873,
      3.4122363934918525,
      6.07363498008691,
      1.7958982941610115,
      1.2229410018378692,
      1.0098539330276621,
      2.4815552382945394,
      0.28779202830379863,
      0.9101022737329411,
      1.1427215520940088,
      0.19569873815756136,
      0.3326325629540749,
      0.5729046018033286,
      0.2247678113025834,
      0.5082678715999255
    ],
    "direction_histogram": [
      0.09070165455341339,
      0.10039931535720825,
      0.19965772330760956,
      0.11180832982063293,
      0.08556760102510452,
      0.09127210825681686,
      0.22247575223445892,
      0.09811751544475555
    ],
    "combined": [
      0.0,
      1.0,
      5.968183919587874,
      1.7120990278867918,
      5.543231753792874,
      5.70094507235873,
      3.4122363934918525,
      6.07363498008691,
      1.7958982941610115,
      1.2229410018378692,
      1.0098539330276621,
      2.4815552382945394,
      0.28779202830379863,
      0.9101022737329411,
      1.1427215520940088,
      0.19569873815756136,
      0.3326325629540749,
      0.5729046018033286,
      0.2247678113025834,
      0.5082678715999255,
      0.09070165455341339,
      0.10039931535720825,
      0.19965772330760956,
      0.11180832982063293,
      0.08556760102510452,
      0.09127210825681686,
      0.22247575223445892,
      0.09811751544475555
    ]
  },
  "texture_features": {
    "gabor_features": [
      0.09327984601259232,
      0.6411706209182739,
      0.36404913663864136,
      1.3749103546142578,
      0.6170548796653748,
      2.3514328002929688,
      0.12622445821762085,
      0.6002082824707031,
      0.3297472894191742,
      1.2285573482513428,
      0.6883558034896851,
      2.156982660293579,
      0.09327985346317291,
      0.5296384692192078,
      0.36404913663864136,
      1.0543298721313477,
      0.6170547604560852,
      1.687619686126709,
      0.12622445821762085,
      0.5959334373474121,
      0.3297472596168518,
      1.205274224281311,
      0.6883558034896851,
      2.071155309677124
    ],
    "tamura_coarseness": 8.050477797453974,
    "tamura_contrast": 111.3988037109375,
    "tamura_directionality": -2.059870719909668,
    "tamura_direction_histogram": [
      0.1803778111934662,
      0.062157221138477325,
      0.061547838151454926,
      0.0,
      0.2106439173221588,
      0.027219174429774284,
      0.027828559279441833,
      0.0,
      0.07373552769422531,
      0.02498476579785347,
      0.02498476579785347,
      0.0,
      0.1903311014175415,
      0.058094657957553864,
      0.058094657957553864,
      0.0
    ],
    "combined": [
      0.09327984601259232,
      0.6411706209182739,
      0.36404913663864136,
      1.3749103546142578,
      0.6170548796653748,
      2.3514328002929688,
      0.12622445821762085,
      0.6002082824707031,
      0.3297472894191742,
      1.2285573482513428,
      0.6883558034896851,
      2.156982660293579,
      0.09327985346317291,
      0.5296384692192078,
      0.36404913663864136,
      1.0543298721313477,
      0.6170547604560852,
      1.687619686126709,
      0.12622445821762085,
      0.5959334373474121,
      0.3297472596168518,
      1.205274224281311,
      0.6883558034896851,
      2.071155309677124,
      8.050477797453974,
      111.3988037109375,
      -2.059870719909668,
      0.1803778111934662,
      0.062157221138477325,
      0.061547838151454926,
      0.0,
      0.2106439173221588,
      0.027219174429774284,
      0.027828559279441833,
      0.0,
      0.07373552769422531,
      0.02498476579785347,
      0.02498476579785347,
      0.0,
      0.1903311014175415,
      0.058094657957553864,
      0.058094657957553864,
      0.0
    ]
  },
  "combined_feature_vector": [
    0.0,
    1.0,
    5.968183919587874,
    1.7120990278867918,
    5.543231753792874,
    5.70094507235873,
    3.4122363934918525,
    6.07363498008691,
    1.7958982941610115,
    1.2229410018378692,
    1.0098539330276621,
    2.4815552382945394,
    0.28779202830379863,
    0.9101022737329411,
    1.1427215520940088,
    0.19569873815756136,
    0.3326325629540749,
    0.5729046018033286,
    0.2247678113025834,
    0.5082678715999255,
    0.09070165455341339,
    0.10039931535720825,
    0.19965772330760956,
    0.11180832982063293,
    0.08556760102510452,
    0.09127210825681686,
    0.22247575223445892,
    0.09811751544475555,
    0.09327984601259232,
    0.6411706209182739,
    0.36404913663864136,
    1.3749103546142578,
    0.6170548796653748,
    2.3514328002929688,
    0.12622445821762085,
    0.6002082824707031,
    0.3297472894191742,
    1.2285573482513428,
    0.6883558034896851,
    2.156982660293579,
    0.09327985346317291,
    0.5296384692192078,
    0.36404913663864136,
    1.0543298721313477,
    0.6170547604560852,
    1.687619686126709,
    0.12622445821762085,
    0.5959334373474121,
    0.3297472596168518,
    1.205274224281311,
    0.6883558034896851,
    2.071155309677124,
    8.050477797453974,
    111.3988037109375,
    -2.059870719909668,
    0.1803778111934662,
    0.062157221138477325,
    0.061547838151454926,
    0.0,
    0.2106439173221588,
    0.027219174429774284,
    0.027828559279441833,
    0.0,
    0.07373552769422531,
    0.02498476579785347,
    0.02498476579785347,
    0.0,
    0.1903311014175415,
    0.058094657957553864,
    0.058094657957553864,
    0.0
  ]
}