{
  "image_path": "Formes\\device0-2.gif",
  "image_name": "device0-2.gif",
  "shape_features": {
    "fourier_descriptors": [
      0.0,
      1.0,
      0.379345638786465,
      0.8626652644753428,
      33.1889008086342,
      0.9711697196323501,
      0.5315157705579542,
      1.069244723939024,
      0.3654809937978961,
      1.626596059128269,
      0.8974679830239021,
      0.49145731936870357,
      0.22783678804991556,
      0.17868375782526633,
      3.710411992985118,
      0.674574816609603,
      0.32104101053791917,
      0.32439391722585453,
      0.3532146273323323,
      0.14148460083117714
    ],
    "direction_histogram": [
      0.13232921063899994,
      0.13286712765693665,
      0.14577730000019073,
      0.0844540074467659,
      0.1414739042520523,
      0.13448090851306915,
      0.13286712765693665,
      0.09575040638446808
    ],
    "combined": [
      0.0,
      1.0,
      0.379345638786465,
      0.8626652644753428,
      33.1889008086342,
      0.9711697196323501,
      0.5315157705579542,
      1.069244723939024,
      0.3654809937978961,
      1.626596059128269,
      0.8974679830239021,
      0.49145731936870357,
      0.22783678804991556,
      0.17868375782526633,
      3.710411992985118,
      0.674574816609603,
      0.32104101053791917,
      0.32439391722585453,
      0.3532146273323323,
      0.14148460083117714,
      0.13232921063899994,
      0.13286712765693665,
      0.14577730000019073,
      0.0844540074467659,
      0.1414739042520523,
      0.13448090851306915,
      0.13286712765693665,
      0.09575040638446808
    ]
  },
  "texture_features": {
    "gabor_features": [
      0.05851801857352257,
      0.38815838098526,
      0.2283819615840912,
      0.8351267576217651,
      0.3871021568775177,
      1.4344902038574219,
      0.07918544113636017,
      0.3952846825122833,
      0.20686310529708862,
      0.8114079833030701,
      0.43183189630508423,
      1.4236412048339844,
      0.058518026024103165,
      0.44190138578414917,
      0.22838197648525238,
      0.9036933183670044,
      0.3871020972728729,
      1.5168732404708862,
      0.07918544113636017,
      0.47824719548225403,
      0.20686309039592743,
      0.9725154042243958,
      0.43183189630508423,
      1.7684065103530884
    ],
    "tamura_coarseness": 5.013217926025391,
    "tamura_contrast": 80.89677429199219,
    "tamura_directionality": -1.6201064586639404,
    "tamura_direction_histogram": [
      0.1070215180516243,
      0.047565117478370667,
      0.03340883180499077,
      0.0,
      0.15666289627552032,
      0.03265383094549179,
      0.04681011661887169,
      0.0,
      0.12306530773639679,
      0.0522838793694973,
      0.047942619770765305,
      0.0,
      0.23933559656143188,
      0.05379388481378555,
      0.05945639684796333,
      0.0
    ],
    "combined": [
      0.05851801857352257,
      0.38815838098526,
      0.2283819615840912,
      0.8351267576217651,
      0.3871021568775177,
      1.4344902038574219,
      0.07918544113636017,
      0.3952846825122833,
      0.20686310529708862,
      0.8114079833030701,
      0.43183189630508423,
      1.4236412048339844,
      0.058518026024103165,
      0.44190138578414917,
      0.22838197648525238,
      0.9036933183670044,
      0.3871020972728729,
      1.5168732404708862,
      0.07918544113636017,
      0.47824719548225403,
      0.20686309039592743,
      0.9725154042243958,
      0.43183189630508423,
      1.7684065103530884,
      5.013217926025391,
      80.89677429199219,
      -1.6201064586639404,
      0.1070215180516243,
      0.047565117478370667,
      0.03340883180499077,
      0.0,
      0.15666289627552032,
      0.03265383094549179,
      0.04681011661887169,
      0.0,
      0.12306530773639679,
      0.0522838793694973,
      0.047942619770765305,
      0.0,
      0.23933559656143188,
      0.05379388481378555,
      0.05945639684796333,
      0.0
    ]
  },
  "combined_feature_vector": [
    0.0,
    1.0,
    0.379345638786465,
    0.8626652644753428,
    33.1889008086342,
    0.9711697196323501,
    0.5315157705579542,
    1.069244723939024,
    0.3654809937978961,
    1.626596059128269,
    0.8974679830239021,
    0.49145731936870357,
    0.22783678804991556,
    0.17868375782526633,
    3.710411992985118,
    0.674574816609603,
    0.32104101053791917,
    0.32439391722585453,
    0.3532146273323323,
    0.14148460083117714,
    0.13232921063899994,
    0.13286712765693665,
    0.14577730000019073,
    0.0844540074467659,
    0.1414739042520523,
    0.13448090851306915,
    0.13286712765693665,
    0.09575040638446808,
    0.05851801857352257,
    0.38815838098526,
    0.2283819615840912,
    0.8351267576217651,
    0.3871021568775177,
    1.4344902038574219,
    0.07918544113636017,
    0.3952846825122833,
    0.20686310529708862,
    0.8114079833030701,
    0.43183189630508423,
    1.4236412048339844,
    0.058518026024103165,
    0.44190138578414917,
    0.22838197648525238,
    0.9036933183670044,
    0.3871020972728729,
    1.5168732404708862,
    0.07918544113636017,
    0.47824719548225403,
    0.20686309039592743,
    0.9725154042243958,
    0.43183189630508423,
    1.7684065103530884,
    5.013217926025391,
    80.89677429199219,
    -1.6201064586639404,
    0.1070215180516243,
    0.047565117478370667,
    0.03340883180499077,
    0.0,
    0.15666289627552032,
    0.03265383094549179,
    0.04681011661887169,
    0.0,
    0.12306530773639679,
    0.0522838793694973,
    0.047942619770765305,
    0.0,
    0.23933559656143188,
    0.05379388481378555,
    0.05945639684796333,
    0.0
  ]
}