{
  "image_path": "Formes\\device0-4.gif",
  "image_name": "device0-4.gif",
  "shape_features": {
    "fourier_descriptors": [
      0.0,
      1.0,
      1.0675453244157478,
      1.7454734032643016,
      17.31307099320536,
      1.424262671219712,
      0.6814051718941169,
      0.9553930109958241,
      0.8850324983697779,
      3.0832363942360073,
      0.9510596663180161,
      0.12174852911065295,
      0.10460830918930016,
      0.11737218031657325,
      0.35585742302669227,
      0.40958151001440746,
      0.4145056834978324,
      0.3291778641226319,
      0.22893845188604162,
      1.5601500211584782
    ],
    "direction_histogram": [
      0.14024390280246735,
      0.1349593549966812,
      0.13780488073825836,
      0.08821137994527817,
      0.13780488073825836,
      0.14105691015720367,
      0.12764227390289307,
      0.0922764241695404
    ],
    "combined": [
      0.0,
      1.0,
      1.0675453244157478,
      1.7454734032643016,
      17.31307099320536,
      1.424262671219712,
      0.6814051718941169,
      0.9553930109958241,
      0.8850324983697779,
      3.0832363942360073,
      0.9510596663180161,
      0.12174852911065295,
      0.10460830918930016,
      0.11737218031657325,
      0.35585742302669227,
      0.40958151001440746,
      0.4145056834978324,
      0.3291778641226319,
      0.22893845188604162,
      1.5601500211584782,
      0.14024390280246735,
      0.1349593549966812,
      0.13780488073825836,
      0.08821137994527817,
      0.13780488073825836,
      0.14105691015720367,
      0.12764227390289307,
      0.0922764241695404
    ]
  },
  "texture_features": {
    "gabor_features": [
      0.08436531573534012,
      0.45421284437179565,
      0.3292578458786011,
      0.9559253454208374,
      0.55808424949646,
      1.6812115907669067,
      0.11416149139404297,
      0.4706532955169678,
      0.29823413491249084,
      0.8794443011283875,
      0.6225712895393372,
      1.5410614013671875,
      0.08436533063650131,
      0.45999568700790405,
      0.3292578160762787,
      0.9617525339126587,
      0.5580843091011047,
      1.7254289388656616,
      0.11416148394346237,
      0.5812492370605469,
      0.29823413491249084,
      1.1556833982467651,
      0.6225712895393372,
      2.0753166675567627
    ],
    "tamura_coarseness": 6.3568115234375,
    "tamura_contrast": 104.579345703125,
    "tamura_directionality": -1.6084675788879395,
    "tamura_direction_histogram": [
      0.11565887182950974,
      0.04207073524594307,
      0.029663434252142906,
      0.0,
      0.1553051918745041,
      0.029663434252142906,
      0.04221334680914879,
      0.0,
      0.12207643687725067,
      0.06289218366146088,
      0.052196234464645386,
      0.0,
      0.24600684642791748,
      0.04606388881802559,
      0.056189388036727905,
      0.0
    ],
    "combined": [
      0.08436531573534012,
      0.45421284437179565,
      0.3292578458786011,
      0.9559253454208374,
      0.55808424949646,
      1.6812115907669067,
      0.11416149139404297,
      0.4706532955169678,
      0.29823413491249084,
      0.8794443011283875,
      0.6225712895393372,
      1.5410614013671875,
      0.08436533063650131,
      0.45999568700790405,
      0.3292578160762787,
      0.9617525339126587,
      0.5580843091011047,
      1.7254289388656616,
      0.11416148394346237,
      0.5812492370605469,
      0.29823413491249084,
      1.1556833982467651,
      0.6225712895393372,
      2.0753166675567627,
      6.3568115234375,
      104.579345703125,
      -1.6084675788879395,
      0.11565887182950974,
      0.04207073524594307,
      0.029663434252142906,
      0.0,
      0.1553051918745041,
      0.029663434252142906,
      0.04221334680914879,
      0.0,
      0.12207643687725067,
      0.06289218366146088,
      0.052196234464645386,
      0.0,
      0.24600684642791748,
      0.04606388881802559,
      0.056189388036727905,
      0.0
    ]
  },
  "combined_feature_vector": [
    0.0,
    1.0,
    1.0675453244157478,
    1.7454734032643016,
    17.31307099320536,
    1.424262671219712,
    0.6814051718941169,
    0.9553930109958241,
    0.8850324983697779,
    3.0832363942360073,
    0.9510596663180161,
    0.12174852911065295,
    0.10460830918930016,
    0.11737218031657325,
    0.35585742302669227,
    0.40958151001440746,
    0.4145056834978324,
    0.3291778641226319,
    0.22893845188604162,
    1.5601500211584782,
    0.14024390280246735,
    0.1349593549966812,
    0.13780488073825836,
    0.08821137994527817,
    0.13780488073825836,
    0.14105691015720367,
    0.12764227390289307,
    0.0922764241695404,
    0.08436531573534012,
    0.45421284437179565,
    0.3292578458786011,
    0.9559253454208374,
    0.55808424949646,
    1.6812115907669067,
    0.11416149139404297,
    0.4706532955169678,
    0.29823413491249084,
    0.8794443011283875,
    0.6225712895393372,
    1.5410614013671875,
    0.08436533063650131,
    0.45999568700790405,
    0.3292578160762787,
    0.9617525339126587,
    0.5580843091011047,
    1.7254289388656616,
    0.11416148394346237,
    0.5812492370605469,
    0.29823413491249084,
    1.1556833982467651,
    0.6225712895393372,
    2.0753166675567627,
    6.3568115234375,
    104.579345703125,
    -1.6084675788879395,
    0.11565887182950974,
    0.04207073524594307,
    0.029663434252142906,
    0.0,
    0.1553051918745041,
    0.029663434252142906,
    0.04221334680914879,
    0.0,
    0.12207643687725067,
    0.06289218366146088,
    0.052196234464645386,
    0.0,
    0.24600684642791748,
    0.04606388881802559,
    0.056189388036727905,
    0.0
  ]
}