{
  "image_path": "Formes\\device0-1.gif",
  "image_name": "device0-1.gif",
  "shape_features": {
    "fourier_descriptors": [
      0.0,
      1.0,
      0.3966806276825363,
      0.8502269663914032,
      26.911494809328683,
      0.4792591014358462,
      0.28152632774802466,
      1.2261918569743755,
      0.49657993174378534,
      3.7180895806361414,
      0.6641134904381313,
      0.37942719158076527,
      0.5642807118297215,
      0.5028438554978794,
      1.832787525695197,
      0.1944889233254548,
      0.13987883600324935,
      0.17541693295589694,
      0.334995113555292,
      1.8168272962974275
    ],
    "direction_histogram": [
      0.13236010074615479,
      0.14549878239631653,
      0.1250608265399933,
      0.0914841815829277,
      0.14355231821537018,
      0.13722628355026245,
      0.12992700934410095,
      0.09489051252603531
    ],
    "combined": [
      0.0,
      1.0,
      0.3966806276825363,
      0.8502269663914032,
      26.911494809328683,
      0.4792591014358462,
      0.28152632774802466,
      1.2261918569743755,
      0.49657993174378534,
      3.7180895806361414,
      0.6641134904381313,
      0.37942719158076527,
      0.5642807118297215,
      0.5028438554978794,
      1.832787525695197,
      0.1944889233254548,
      0.13987883600324935,
      0.17541693295589694,
      0.334995113555292,
      1.8168272962974275,
      0.13236010074615479,
      0.14549878239631653,
      0.1250608265399933,
      0.0914841815829277,
      0.14355231821537018,
      0.13722628355026245,
      0.12992700934410095,
      0.09489051252603531
    ]
  },
  "texture_features": {
    "gabor_features": [
      0.08102481067180634,
      0.3850744366645813,
      0.31622055172920227,
      0.8715346455574036,
      0.5359864830970764,
      1.5484957695007324,
      0.1096411645412445,
      0.45209163427352905,
      0.28642529249191284,
      0.848907470703125,
      0.5979198813438416,
      1.4975876808166504,
      0.08102479577064514,
      0.449394166469574,
      0.3162205219268799,
      0.879067599773407,
      0.535986602306366,
      1.579764485359192,
      0.1096411645412445,
      0.5223162770271301,
      0.28642529249191284,
      1.097356915473938,
      0.5979198813438416,
      1.904775619506836
    ],
    "tamura_coarseness": 5.709819793701172,
    "tamura_contrast": 101.81852722167969,
    "tamura_directionality": -1.5798256397247314,
    "tamura_direction_histogram": [
      0.10394205152988434,
      0.04026280343532562,
      0.030154986307024956,
      0.0,
      0.1588611900806427,
      0.03790431097149849,
      0.04784366488456726,
      0.0,
      0.11910377442836761,
      0.04969676584005356,
      0.047001346945762634,
      0.0,
      0.2525269687175751,
      0.05491913855075836,
      0.05778301879763603,
      0.0
    ],
    "combined": [
      0.08102481067180634,
      0.3850744366645813,
      0.31622055172920227,
      0.8715346455574036,
      0.5359864830970764,
      1.5484957695007324,
      0.1096411645412445,
      0.45209163427352905,
      0.28642529249191284,
      0.848907470703125,
      0.5979198813438416,
      1.4975876808166504,
      0.08102479577064514,
      0.449394166469574,
      0.3162205219268799,
      0.879067599773407,
      0.535986602306366,
      1.579764485359192,
      0.1096411645412445,
      0.5223162770271301,
      0.28642529249191284,
      1.097356915473938,
      0.5979198813438416,
      1.904775619506836,
      5.709819793701172,
      101.81852722167969,
      -1.5798256397247314,
      0.10394205152988434,
      0.04026280343532562,
      0.030154986307024956,
      0.0,
      0.1588611900806427,
      0.03790431097149849,
      0.04784366488456726,
      0.0,
      0.11910377442836761,
      0.04969676584005356,
      0.047001346945762634,
      0.0,
      0.2525269687175751,
      0.05491913855075836,
      0.05778301879763603,
      0.0
    ]
  },
  "combined_feature_vector": [
    0.0,
    1.0,
    0.3966806276825363,
    0.8502269663914032,
    26.911494809328683,
    0.4792591014358462,
    0.28152632774802466,
    1.2261918569743755,
    0.49657993174378534,
    3.7180895806361414,
    0.6641134904381313,
    0.37942719158076527,
    0.5642807118297215,
    0.5028438554978794,
    1.832787525695197,
    0.1944889233254548,
    0.13987883600324935,
    0.17541693295589694,
    0.334995113555292,
    1.8168272962974275,
    0.13236010074615479,
    0.14549878239631653,
    0.1250608265399933,
    0.0914841815829277,
    0.14355231821537018,
    0.13722628355026245,
    0.12992700934410095,
    0.09489051252603531,
    0.08102481067180634,
    0.3850744366645813,
    0.31622055172920227,
    0.8715346455574036,
    0.5359864830970764,
    1.5484957695007324,
    0.1096411645412445,
    0.45209163427352905,
    0.28642529249191284,
    0.848907470703125,
    0.5979198813438416,
    1.4975876808166504,
    0.08102479577064514,
    0.449394166469574,
    0.3162205219268799,
    0.879067599773407,
    0.535986602306366,
    1.579764485359192,
    0.1096411645412445,
    0.5223162770271301,
    0.28642529249191284,
    1.097356915473938,
    0.5979198813438416,
    1.904775619506836,
    5.709819793701172,
    101.81852722167969,
    -1.5798256397247314,
    0.10394205152988434,
    0.04026280343532562,
    0.030154986307024956,
    0.0,
    0.1588611900806427,
    0.03790431097149849,
    0.04784366488456726,
    0.0,
    0.11910377442836761,
    0.04969676584005356,
    0.047001346945762634,
    0.0,
    0.2525269687175751,
    0.05491913855075836,
    0.05778301879763603,
    0.0
  ]
}