{
  "image_path": "Textures\\Im01.jpg",
  "image_name": "Im01.jpg",
  "shape_features": {
    "fourier_descriptors": [
      0.0,
      1.0,
      0.2827659898135985,
      0.07022387515761826,
      0.1546512991529801,
      0.23176155512654767,
      0.023690189579463953,
      0.08697061439957865,
      0.055319688399141476,
      0.060735318132211176,
      0.017124071001549827,
      0.024416907567831686,
      0.04369375081078552,
      0.042430944577209494,
      0.048482028453315264,
      0.08302257538866013,
      0.020519447433575765,
      0.018814478861303937,
      0.010685863118423842,
      0.004207245342648794
    ],
    "direction_histogram": [
      0.16981132328510284,
      0.058700211346149445,
      0.10272536426782608,
      0.17610062658786774,
      0.15723270177841187,
      0.069182388484478,
      0.0901467502117157,
      0.17610062658786774
    ],
    "combined": [
      0.0,
      1.0,
      0.2827659898135985,
      0.07022387515761826,
      0.1546512991529801,
      0.23176155512654767,
      0.023690189579463953,
      0.08697061439957865,
      0.055319688399141476,
      0.060735318132211176,
      0.017124071001549827,
      0.024416907567831686,
      0.04369375081078552,
      0.042430944577209494,
      0.048482028453315264,
      0.08302257538866013,
      0.020519447433575765,
      0.018814478861303937,
      0.010685863118423842,
      0.004207245342648794,
      0.16981132328510284,
      0.058700211346149445,
      0.10272536426782608,
      0.17610062658786774,
      0.15723270177841187,
      0.069182388484478,
      0.0901467502117157,
      0.17610062658786774
    ]
  },
  "texture_features": {
    "gabor_features": [
      0.08865384757518768,
      0.6395910978317261,
      0.3456824719905853,
      1.275342583656311,
      0.5857491493225098,
      1.8371444940567017,
      0.11984861642122269,
      0.5353221297264099,
      0.31310510635375977,
      1.1944540739059448,
      0.6536189913749695,
      1.778679370880127,
      0.08854997903108597,
      0.5732128620147705,
      0.3458142876625061,
      1.0377349853515625,
      0.5866440534591675,
      1.4509996175765991,
      0.11987566202878952,
      0.4995342493057251,
      0.3131301701068878,
      1.0961498022079468,
      0.6537198424339294,
      1.5576422214508057
    ],
    "tamura_coarseness": 5.15158940397351,
    "tamura_contrast": 25.44265365600586,
    "tamura_directionality": -1.8791921138763428,
    "tamura_direction_histogram": [
      0.07861362397670746,
      0.07132373005151749,
      0.0678286924958229,
      0.06197529658675194,
      0.06645485013723373,
      0.06259733438491821,
      0.060520898550748825,
      0.05686923861503601,
      0.06167994439601898,
      0.05528506264090538,
      0.05377696081995964,
      0.05090843886137009,
      0.057773202657699585,
      0.05980488657951355,
      0.06662042438983917,
      0.06796742230653763
    ],
    "combined": [
      0.08865384757518768,
      0.6395910978317261,
      0.3456824719905853,
      1.275342583656311,
      0.5857491493225098,
      1.8371444940567017,
      0.11984861642122269,
      0.5353221297264099,
      0.31310510635375977,
      1.1944540739059448,
      0.6536189913749695,
      1.778679370880127,
      0.08854997903108597,
      0.5732128620147705,
      0.3458142876625061,
      1.0377349853515625,
      0.5866440534591675,
      1.4509996175765991,
      0.11987566202878952,
      0.4995342493057251,
      0.3131301701068878,
      1.0961498022079468,
      0.6537198424339294,
      1.5576422214508057,
      5.15158940397351,
      25.44265365600586,
      -1.8791921138763428,
      0.07861362397670746,
      0.07132373005151749,
      0.0678286924958229,
      0.06197529658675194,
      0.06645485013723373,
      0.06259733438491821,
      0.060520898550748825,
      0.05686923861503601,
      0.06167994439601898,
      0.05528506264090538,
      0.05377696081995964,
      0.05090843886137009,
      0.057773202657699585,
      0.05980488657951355,
      0.06662042438983917,
      0.06796742230653763
    ]
  },
  "combined_feature_vector": [
    0.0,
    1.0,
    0.2827659898135985,
    0.07022387515761826,
    0.1546512991529801,
    0.23176155512654767,
    0.023690189579463953,
    0.08697061439957865,
    0.055319688399141476,
    0.060735318132211176,
    0.017124071001549827,
    0.024416907567831686,
    0.04369375081078552,
    0.042430944577209494,
    0.048482028453315264,
    0.08302257538866013,
    0.020519447433575765,
    0.018814478861303937,
    0.010685863118423842,
    0.004207245342648794,
    0.16981132328510284,
    0.058700211346149445,
    0.10272536426782608,
    0.17610062658786774,
    0.15723270177841187,
    0.069182388484478,
    0.0901467502117157,
    0.17610062658786774,
    0.08865384757518768,
    0.6395910978317261,
    0.3456824719905853,
    1.275342583656311,
    0.5857491493225098,
    1.8371444940567017,
    0.11984861642122269,
    0.5353221297264099,
    0.31310510635375977,
    1.1944540739059448,
    0.6536189913749695,
    1.778679370880127,
    0.08854997903108597,
    0.5732128620147705,
    0.3458142876625061,
    1.0377349853515625,
    0.5866440534591675,
    1.4509996175765991,
    0.11987566202878952,
    0.4995342493057251,
    0.3131301701068878,
    1.0961498022079468,
    0.6537198424339294,
    1.5576422214508057,
    5.15158940397351,
    25.44265365600586,
    -1.8791921138763428,
    0.07861362397670746,
    0.07132373005151749,
    0.0678286924958229,
    0.06197529658675194,
    0.06645485013723373,
    0.06259733438491821,
    0.060520898550748825,
    0.05686923861503601,
    0.06167994439601898,
    0.05528506264090538,
    0.05377696081995964,
    0.05090843886137009,
    0.057773202657699585,
    0.05980488657951355,
    0.06662042438983917,
    0.06796742230653763
  ]
}