{
  "image_path": "Textures\\Im02.jpg",
  "image_name": "Im02.jpg",
  "shape_features": {
    "fourier_descriptors": [
      0.0,
      1.0,
      0.19106303532163402,
      1.3516001658228722,
      0.2400628564067196,
      0.10977920820785583,
      0.12046406329864866,
      0.23697992009423333,
      0.1823397187864117,
      0.028751014984268245,
      0.08304827399558885,
      0.048482404671615055,
      0.044044932764616344,
      0.043681266164930344,
      0.04197473658273899,
      0.042813319523114436,
      0.005037225116335392,
      0.009628083772762667,
      0.04666940844052282,
      0.04618289598041136
    ],
    "direction_histogram": [
      0.24439053237438202,
      0.027895694598555565,
      0.2043662816286087,
      0.030321406200528145,
      0.23044268786907196,
      0.05154639109969139,
      0.170406311750412,
      0.04063068702816963
    ],
    "combined": [
      0.0,
      1.0,
      0.19106303532163402,
      1.3516001658228722,
      0.2400628564067196,
      0.10977920820785583,
      0.12046406329864866,
      0.23697992009423333,
      0.1823397187864117,
      0.028751014984268245,
      0.08304827399558885,
      0.048482404671615055,
      0.044044932764616344,
      0.043681266164930344,
      0.04197473658273899,
      0.042813319523114436,
      0.005037225116335392,
      0.009628083772762667,
      0.04666940844052282,
      0.04618289598041136,
      0.24439053237438202,
      0.027895694598555565,
      0.2043662816286087,
      0.030321406200528145,
      0.23044268786907196,
      0.05154639109969139,
      0.170406311750412,
      0.04063068702816963
    ]
  },
  "texture_features": {
    "gabor_features": [
      0.1715550422668457,
      1.355469822883606,
      0.6741583347320557,
      2.1730730533599854,
      1.139456033706665,
      2.9158742427825928,
      0.23309914767742157,
      1.0564703941345215,
      0.6088433265686035,
      1.6499475240707397,
      1.2710047960281372,
      2.1999619007110596,
      0.17255836725234985,
      0.9517990946769714,
      0.6731978058815002,
      1.7086364030838013,
      1.141635537147522,
      2.4180662631988525,
      0.23320993781089783,
      1.0738003253936768,
      0.6090288162231445,
      1.765501856803894,
      1.2711631059646606,
      2.35986328125
    ],
    "tamura_coarseness": 4.924003757361176,
    "tamura_contrast": 43.26400375366211,
    "tamura_directionality": -1.9164302349090576,
    "tamura_direction_histogram": [
      0.07778652757406235,
      0.06593972444534302,
      0.05714452266693115,
      0.052518539130687714,
      0.05425814166665077,
      0.05557985231280327,
      0.057941436767578125,
      0.05884525179862976,
      0.06590085476636887,
      0.05918540060520172,
      0.059554699808359146,
      0.056328173726797104,
      0.06119712069630623,
      0.0653274655342102,
      0.07467661798000336,
      0.07781568169593811
    ],
    "combined": [
      0.1715550422668457,
      1.355469822883606,
      0.6741583347320557,
      2.1730730533599854,
      1.139456033706665,
      2.9158742427825928,
      0.23309914767742157,
      1.0564703941345215,
      0.6088433265686035,
      1.6499475240707397,
      1.2710047960281372,
      2.1999619007110596,
      0.17255836725234985,
      0.9517990946769714,
      0.6731978058815002,
      1.7086364030838013,
      1.141635537147522,
      2.4180662631988525,
      0.23320993781089783,
      1.0738003253936768,
      0.6090288162231445,
      1.765501856803894,
      1.2711631059646606,
      2.35986328125,
      4.924003757361176,
      43.26400375366211,
      -1.9164302349090576,
      0.07778652757406235,
      0.06593972444534302,
      0.05714452266693115,
      0.052518539130687714,
      0.05425814166665077,
      0.05557985231280327,
      0.057941436767578125,
      0.05884525179862976,
      0.06590085476636887,
      0.05918540060520172,
      0.059554699808359146,
      0.056328173726797104,
      0.06119712069630623,
      0.0653274655342102,
      0.07467661798000336,
      0.07781568169593811
    ]
  },
  "combined_feature_vector": [
    0.0,
    1.0,
    0.19106303532163402,
    1.3516001658228722,
    0.2400628564067196,
    0.10977920820785583,
    0.12046406329864866,
    0.23697992009423333,
    0.1823397187864117,
    0.028751014984268245,
    0.08304827399558885,
    0.048482404671615055,
    0.044044932764616344,
    0.043681266164930344,
    0.04197473658273899,
    0.042813319523114436,
    0.005037225116335392,
    0.009628083772762667,
    0.04666940844052282,
    0.04618289598041136,
    0.24439053237438202,
    0.027895694598555565,
    0.2043662816286087,
    0.030321406200528145,
    0.23044268786907196,
    0.05154639109969139,
    0.170406311750412,
    0.04063068702816963,
    0.1715550422668457,
    1.355469822883606,
    0.6741583347320557,
    2.1730730533599854,
    1.139456033706665,
    2.9158742427825928,
    0.23309914767742157,
    1.0564703941345215,
    0.6088433265686035,
    1.6499475240707397,
    1.2710047960281372,
    2.1999619007110596,
    0.17255836725234985,
    0.9517990946769714,
    0.6731978058815002,
    1.7086364030838013,
    1.141635537147522,
    2.4180662631988525,
    0.23320993781089783,
    1.0738003253936768,
    0.6090288162231445,
    1.765501856803894,
    1.2711631059646606,
    2.35986328125,
    4.924003757361176,
    43.26400375366211,
    -1.9164302349090576,
    0.07778652757406235,
    0.06593972444534302,
    0.05714452266693115,
    0.052518539130687714,
    0.05425814166665077,
    0.05557985231280327,
    0.057941436767578125,
    0.05884525179862976,
    0.06590085476636887,
    0.05918540060520172,
    0.059554699808359146,
    0.056328173726797104,
    0.06119712069630623,
    0.0653274655342102,
    0.07467661798000336,
    0.07781568169593811
  ]
}