{
  "image_path": "Textures\\Im03.jpg",
  "image_name": "Im03.jpg",
  "shape_features": {
    "fourier_descriptors": [
      0.0,
      1.0,
      0.25978614303152847,
      1.2805157014393087,
      0.3074650392401573,
      0.23417705415859338,
      0.026159787239445426,
      0.16894875691711675,
      0.12463824315622403,
      0.09340080524479588,
      0.06707176662723995,
      0.022531241759387106,
      0.05948998066624077,
      0.011202569767552562,
      0.05749836259324034,
      0.014045552138245546,
      0.013839344661343341,
      0.014087221703128245,
      0.035140417622807625,
      0.02016869608329637
    ],
    "direction_histogram": [
      0.24121405184268951,
      0.02595846727490425,
      0.2072683721780777,
      0.01477635744959116,
      0.26277956366539,
      0.009984025731682777,
      0.21725240349769592,
      0.02076677232980728
    ],
    "combined": [
      0.0,
      1.0,
      0.25978614303152847,
      1.2805157014393087,
      0.3074650392401573,
      0.23417705415859338,
      0.026159787239445426,
      0.16894875691711675,
      0.12463824315622403,
      0.09340080524479588,
      0.06707176662723995,
      0.022531241759387106,
      0.05948998066624077,
      0.011202569767552562,
      0.05749836259324034,
      0.014045552138245546,
      0.013839344661343341,
      0.014087221703128245,
      0.035140417622807625,
      0.02016869608329637,
      0.24121405184268951,
      0.02595846727490425,
      0.2072683721780777,
      0.01477635744959116,
      0.26277956366539,
      0.009984025731682777,
      0.21725240349769592,
      0.02076677232980728
    ]
  },
  "texture_features": {
    "gabor_features": [
      0.187808558344841,
      0.14098000526428223,
      0.7329866886138916,
      0.5204297304153442,
      1.2424852848052979,
      1.0959091186523438,
      0.2541677951812744,
      0.2045425921678543,
      0.6639814376831055,
      0.710347592830658,
      1.3860936164855957,
      1.3678786754608154,
      0.1879204660654068,
      0.3591829538345337,
      0.7332133650779724,
      0.9440197348594666,
      1.2427136898040771,
      1.5965672731399536,
      0.25415635108947754,
      0.18423444032669067,
      0.6639610528945923,
      0.696155846118927,
      1.3859896659851074,
      1.309853196144104
    ],
    "tamura_coarseness": 6.337105582524272,
    "tamura_contrast": 21.833879470825195,
    "tamura_directionality": -1.2518534660339355,
    "tamura_direction_histogram": [
      0.05408262461423874,
      0.05066622793674469,
      0.05098554864525795,
      0.049268048256635666,
      0.06303904205560684,
      0.06754360347986221,
      0.0787135511636734,
      0.07999702543020248,
      0.09417724609375,
      0.08253297209739685,
      0.0690285861492157,
      0.05494757741689682,
      0.05950484052300453,
      0.05063212662935257,
      0.05053912103176117,
      0.044341862201690674
    ],
    "combined": [
      0.187808558344841,
      0.14098000526428223,
      0.7329866886138916,
      0.5204297304153442,
      1.2424852848052979,
      1.0959091186523438,
      0.2541677951812744,
      0.2045425921678543,
      0.6639814376831055,
      0.710347592830658,
      1.3860936164855957,
      1.3678786754608154,
      0.1879204660654068,
      0.3591829538345337,
      0.7332133650779724,
      0.9440197348594666,
      1.2427136898040771,
      1.5965672731399536,
      0.25415635108947754,
      0.18423444032669067,
      0.6639610528945923,
      0.696155846118927,
      1.3859896659851074,
      1.309853196144104,
      6.337105582524272,
      21.833879470825195,
      -1.2518534660339355,
      0.05408262461423874,
      0.05066622793674469,
      0.05098554864525795,
      0.049268048256635666,
      0.06303904205560684,
      0.06754360347986221,
      0.0787135511636734,
      0.07999702543020248,
      0.09417724609375,
      0.08253297209739685,
      0.0690285861492157,
      0.05494757741689682,
      0.05950484052300453,
      0.05063212662935257,
      0.05053912103176117,
      0.044341862201690674
    ]
  },
  "combined_feature_vector": [
    0.0,
    1.0,
    0.25978614303152847,
    1.2805157014393087,
    0.3074650392401573,
    0.23417705415859338,
    0.026159787239445426,
    0.16894875691711675,
    0.12463824315622403,
    0.09340080524479588,
    0.06707176662723995,
    0.022531241759387106,
    0.05948998066624077,
    0.011202569767552562,
    0.05749836259324034,
    0.014045552138245546,
    0.013839344661343341,
    0.014087221703128245,
    0.035140417622807625,
    0.02016869608329637,
    0.24121405184268951,
    0.02595846727490425,
    0.2072683721780777,
    0.01477635744959116,
    0.26277956366539,
    0.009984025731682777,
    0.21725240349769592,
    0.02076677232980728,
    0.187808558344841,
    0.14098000526428223,
    0.7329866886138916,
    0.5204297304153442,
    1.2424852848052979,
    1.0959091186523438,
    0.2541677951812744,
    0.2045425921678543,
    0.6639814376831055,
    0.710347592830658,
    1.3860936164855957,
    1.3678786754608154,
    0.1879204660654068,
    0.3591829538345337,
    0.7332133650779724,
    0.9440197348594666,
    1.2427136898040771,
    1.5965672731399536,
    0.25415635108947754,
    0.18423444032669067,
    0.6639610528945923,
    0.696155846118927,
    1.3859896659851074,
    1.309853196144104,
    6.337105582524272,
    21.833879470825195,
    -1.2518534660339355,
    0.05408262461423874,
    0.05066622793674469,
    0.05098554864525795,
    0.049268048256635666,
    0.06303904205560684,
    0.06754360347986221,
    0.0787135511636734,
    0.07999702543020248,
    0.09417724609375,
    0.08253297209739685,
    0.0690285861492157,
    0.05494757741689682,
    0.05950484052300453,
    0.05063212662935257,
    0.05053912103176117,
    0.044341862201690674
  ]
}