{
  "image_path": "Textures\\Im04.jpg",
  "image_name": "Im04.jpg",
  "shape_features": {
    "fourier_descriptors": [
      0.0,
      1.0,
      0.31661052947448093,
      0.5760316292277702,
      0.1926469699033634,
      0.24373366524368092,
      0.06500461825440294,
      0.20332764193934486,
      0.08438694738491957,
      0.086870391165175,
      0.13194683606178825,
      0.017812513111898055,
      0.06762018588295192,
      0.01917592233009423,
      0.0930894417686655,
      0.08216591235836586,
      0.013250050929498602,
      0.04883841428813657,
      0.05355111277491615,
      0.01838895719162684
    ],
    "direction_histogram": [
      0.13504639267921448,
      0.10906495153903961,
      0.1463240534067154,
      0.10007137805223465,
      0.15403282642364502,
      0.10064239799976349,
      0.14403997361660004,
      0.11077801883220673
    ],
    "combined": [
      0.0,
      1.0,
      0.31661052947448093,
      0.5760316292277702,
      0.1926469699033634,
      0.24373366524368092,
      0.06500461825440294,
      0.20332764193934486,
      0.08438694738491957,
      0.086870391165175,
      0.13194683606178825,
      0.017812513111898055,
      0.06762018588295192,
      0.01917592233009423,
      0.0930894417686655,
      0.08216591235836586,
      0.013250050929498602,
      0.04883841428813657,
      0.05355111277491615,
      0.01838895719162684,
      0.13504639267921448,
      0.10906495153903961,
      0.1463240534067154,
      0.10007137805223465,
      0.15403282642364502,
      0.10064239799976349,
      0.14403997361660004,
      0.11077801883220673
    ]
  },
  "texture_features": {
    "gabor_features": [
      0.1130191832780838,
      0.2158561497926712,
      0.4412685036659241,
      0.6668035387992859,
      0.7478011846542358,
      1.2860069274902344,
      0.1529707908630371,
      0.2345574051141739,
      0.39959901571273804,
      0.7102131247520447,
      0.8342459201812744,
      1.319098949432373,
      0.11310549080371857,
      0.25068947672843933,
      0.44155004620552063,
      0.6751207113265991,
      0.7482370734214783,
      1.2856255769729614,
      0.15294644236564636,
      0.20621445775032043,
      0.3995766341686249,
      0.6938834190368652,
      0.8340610861778259,
      1.3073320388793945
    ],
    "tamura_coarseness": 6.66603515625,
    "tamura_contrast": 25.0234432220459,
    "tamura_directionality": -1.7278110980987549,
    "tamura_direction_histogram": [
      0.07099945098161697,
      0.06469599157571793,
      0.06261920928955078,
      0.05396316945552826,
      0.060944490134716034,
      0.05815993621945381,
      0.0593661330640316,
      0.05685073137283325,
      0.06939450651407242,
      0.06704524904489517,
      0.06526420265436172,
      0.05731925368309021,
      0.06686249375343323,
      0.06318408995866776,
      0.0642673447728157,
      0.05906375125050545
    ],
    "combined": [
      0.1130191832780838,
      0.2158561497926712,
      0.4412685036659241,
      0.6668035387992859,
      0.7478011846542358,
      1.2860069274902344,
      0.1529707908630371,
      0.2345574051141739,
      0.39959901571273804,
      0.7102131247520447,
      0.8342459201812744,
      1.319098949432373,
      0.11310549080371857,
      0.25068947672843933,
      0.44155004620552063,
      0.6751207113265991,
      0.7482370734214783,
      1.2856255769729614,
      0.15294644236564636,
      0.20621445775032043,
      0.3995766341686249,
      0.6938834190368652,
      0.8340610861778259,
      1.3073320388793945,
      6.66603515625,
      25.0234432220459,
      -1.7278110980987549,
      0.07099945098161697,
      0.06469599157571793,
      0.06261920928955078,
      0.05396316945552826,
      0.060944490134716034,
      0.05815993621945381,
      0.0593661330640316,
      0.05685073137283325,
      0.06939450651407242,
      0.06704524904489517,
      0.06526420265436172,
      0.05731925368309021,
      0.06686249375343323,
      0.06318408995866776,
      0.0642673447728157,
      0.05906375125050545
    ]
  },
  "combined_feature_vector": [
    0.0,
    1.0,
    0.31661052947448093,
    0.5760316292277702,
    0.1926469699033634,
    0.24373366524368092,
    0.06500461825440294,
    0.20332764193934486,
    0.08438694738491957,
    0.086870391165175,
    0.13194683606178825,
    0.017812513111898055,
    0.06762018588295192,
    0.01917592233009423,
    0.0930894417686655,
    0.08216591235836586,
    0.013250050929498602,
    0.04883841428813657,
    0.05355111277491615,
    0.01838895719162684,
    0.13504639267921448,
    0.10906495153903961,
    0.1463240534067154,
    0.10007137805223465,
    0.15403282642364502,
    0.10064239799976349,
    0.14403997361660004,
    0.11077801883220673,
    0.1130191832780838,
    0.2158561497926712,
    0.4412685036659241,
    0.6668035387992859,
    0.7478011846542358,
    1.2860069274902344,
    0.1529707908630371,
    0.2345574051141739,
    0.39959901571273804,
    0.7102131247520447,
    0.8342459201812744,
    1.319098949432373,
    0.11310549080371857,
    0.25068947672843933,
    0.44155004620552063,
    0.6751207113265991,
    0.7482370734214783,
    1.2856255769729614,
    0.15294644236564636,
    0.20621445775032043,
    0.3995766341686249,
    0.6938834190368652,
    0.8340610861778259,
    1.3073320388793945,
    6.66603515625,
    25.0234432220459,
    -1.7278110980987549,
    0.07099945098161697,
    0.06469599157571793,
    0.06261920928955078,
    0.05396316945552826,
    0.060944490134716034,
    0.05815993621945381,
    0.0593661330640316,
    0.05685073137283325,
    0.06939450651407242,
    0.06704524904489517,
    0.06526420265436172,
    0.05731925368309021,
    0.06686249375343323,
    0.06318408995866776,
    0.0642673447728157,
    0.05906375125050545
  ]
}