{
  "image_path": "Textures\\Im05.jpg",
  "image_name": "Im05.jpg",
  "shape_features": {
    "fourier_descriptors": [
      0.0,
      1.0,
      1.0437942698841718,
      0.6435577725744819,
      0.03348771511375554,
      0.17481673528256267,
      0.13028779797530743,
      0.061850944277304414,
      0.10234458209420333,
      0.15939880947786347,
      0.19939937896544643,
      0.10497261453987976,
      0.05390243104133445,
      0.044084244522902064,
      0.024559050747178835,
      0.03192608325233022,
      0.027858623438446046,
      0.05742388924778865,
      0.07571316583126987,
      0.03317412328889942
    ],
    "direction_histogram": [
      0.19853198528289795,
      0.08318769931793213,
      0.1073051393032074,
      0.10555749386548996,
      0.20936734974384308,
      0.07794477790594101,
      0.10678084939718246,
      0.11132471263408661
    ],
    "combined": [
      0.0,
      1.0,
      1.0437942698841718,
      0.6435577725744819,
      0.03348771511375554,
      0.17481673528256267,
      0.13028779797530743,
      0.061850944277304414,
      0.10234458209420333,
      0.15939880947786347,
      0.19939937896544643,
      0.10497261453987976,
      0.05390243104133445,
      0.044084244522902064,
      0.024559050747178835,
      0.03192608325233022,
      0.027858623438446046,
      0.05742388924778865,
      0.07571316583126987,
      0.03317412328889942,
      0.19853198528289795,
      0.08318769931793213,
      0.1073051393032074,
      0.10555749386548996,
      0.20936734974384308,
      0.07794477790594101,
      0.10678084939718246,
      0.11132471263408661
    ]
  },
  "texture_features": {
    "gabor_features": [
      0.10708022117614746,
      0.4634156823158264,
      0.41724875569343567,
      0.8942009210586548,
      0.7071583271026611,
      1.3742225170135498,
      0.1447020024061203,
      0.4804891049861908,
      0.37800946831703186,
      1.0404322147369385,
      0.7889805436134338,
      1.7362951040267944,
      0.10705047100782394,
      0.4499039053916931,
      0.41733548045158386,
      0.8622385263442993,
      0.707495391368866,
      1.3739174604415894,
      0.14472736418247223,
      0.38031500577926636,
      0.3780924379825592,
      0.7082773447036743,
      0.7893526554107666,
      1.1561123132705688
    ],
    "tamura_coarseness": 5.70461566091954,
    "tamura_contrast": 23.640474319458008,
    "tamura_directionality": -1.6921424865722656,
    "tamura_direction_histogram": [
      0.07380584627389908,
      0.0719815120100975,
      0.0710601657629013,
      0.0639403760433197,
      0.07345689088106155,
      0.07036226242780685,
      0.07026737183332443,
      0.06249253824353218,
      0.06688195466995239,
      0.057396043092012405,
      0.05213731527328491,
      0.04496854916214943,
      0.05309845507144928,
      0.0520179383456707,
      0.05774499103426933,
      0.058387793600559235
    ],
    "combined": [
      0.10708022117614746,
      0.4634156823158264,
      0.41724875569343567,
      0.8942009210586548,
      0.7071583271026611,
      1.3742225170135498,
      0.1447020024061203,
      0.4804891049861908,
      0.37800946831703186,
      1.0404322147369385,
      0.7889805436134338,
      1.7362951040267944,
      0.10705047100782394,
      0.4499039053916931,
      0.41733548045158386,
      0.8622385263442993,
      0.707495391368866,
      1.3739174604415894,
      0.14472736418247223,
      0.38031500577926636,
      0.3780924379825592,
      0.7082773447036743,
      0.7893526554107666,
      1.1561123132705688,
      5.70461566091954,
      23.640474319458008,
      -1.6921424865722656,
      0.07380584627389908,
      0.0719815120100975,
      0.0710601657629013,
      0.0639403760433197,
      0.07345689088106155,
      0.07036226242780685,
      0.07026737183332443,
      0.06249253824353218,
      0.06688195466995239,
      0.057396043092012405,
      0.05213731527328491,
      0.04496854916214943,
      0.05309845507144928,
      0.0520179383456707,
      0.05774499103426933,
      0.058387793600559235
    ]
  },
  "combined_feature_vector": [
    0.0,
    1.0,
    1.0437942698841718,
    0.6435577725744819,
    0.03348771511375554,
    0.17481673528256267,
    0.13028779797530743,
    0.061850944277304414,
    0.10234458209420333,
    0.15939880947786347,
    0.19939937896544643,
    0.10497261453987976,
    0.05390243104133445,
    0.044084244522902064,
    0.024559050747178835,
    0.03192608325233022,
    0.027858623438446046,
    0.05742388924778865,
    0.07571316583126987,
    0.03317412328889942,
    0.19853198528289795,
    0.08318769931793213,
    0.1073051393032074,
    0.10555749386548996,
    0.20936734974384308,
    0.07794477790594101,
    0.10678084939718246,
    0.11132471263408661,
    0.10708022117614746,
    0.4634156823158264,
    0.41724875569343567,
    0.8942009210586548,
    0.7071583271026611,
    1.3742225170135498,
    0.1447020024061203,
    0.4804891049861908,
    0.37800946831703186,
    1.0404322147369385,
    0.7889805436134338,
    1.7362951040267944,
    0.10705047100782394,
    0.4499039053916931,
    0.41733548045158386,
    0.8622385263442993,
    0.707495391368866,
    1.3739174604415894,
    0.14472736418247223,
    0.38031500577926636,
    0.3780924379825592,
    0.7082773447036743,
    0.7893526554107666,
    1.1561123132705688,
    5.70461566091954,
    23.640474319458008,
    -1.6921424865722656,
    0.07380584627389908,
    0.0719815120100975,
    0.0710601657629013,
    0.0639403760433197,
    0.07345689088106155,
    0.07036226242780685,
    0.07026737183332443,
    0.06249253824353218,
    0.06688195466995239,
    0.057396043092012405,
    0.05213731527328491,
    0.04496854916214943,
    0.05309845507144928,
    0.0520179383456707,
    0.05774499103426933,
    0.058387793600559235
  ]
}