{
  "image_path": "Textures\\Im06.jpg",
  "image_name": "Im06.jpg",
  "shape_features": {
    "fourier_descriptors": [
      0.0,
      1.0,
      0.05963374661325381,
      0.10862596324259388,
      0.029810071646153576,
      0.03174333268619488,
      0.01865000651738631,
      0.012713990389523437,
      0.010841907621181424,
      0.007891951110944088,
      0.00707124127713136,
      0.0074418926426974156,
      0.0029298923430546016,
      0.007622643107101864,
      0.0032774713325886464,
      0.00495887339146956,
      0.004541753994495548,
      0.0035894165765289073,
      0.00451658413547864,
      0.005127638399300121
    ],
    "direction_histogram": [
      0.478723406791687,
      0.003546099178493023,
      0.028368793427944183,
      0.04609929025173187,
      0.3652482330799103,
      0.07092198729515076,
      0.003546099178493023,
      0.003546099178493023
    ],
    "combined": [
      0.0,
      1.0,
      0.05963374661325381,
      0.10862596324259388,
      0.029810071646153576,
      0.03174333268619488,
      0.01865000651738631,
      0.012713990389523437,
      0.010841907621181424,
      0.007891951110944088,
      0.00707124127713136,
      0.0074418926426974156,
      0.0029298923430546016,
      0.007622643107101864,
      0.0032774713325886464,
      0.00495887339146956,
      0.004541753994495548,
      0.0035894165765289073,
      0.00451658413547864,
      0.005127638399300121,
      0.478723406791687,
      0.003546099178493023,
      0.028368793427944183,
      0.04609929025173187,
      0.3652482330799103,
      0.07092198729515076,
      0.003546099178493023,
      0.003546099178493023
    ]
  },
  "texture_features": {
    "gabor_features": [
      0.09034793078899384,
      0.936991274356842,
      0.3508932590484619,
      2.564633369445801,
      0.5965580344200134,
      2.9324097633361816,
      0.12189335376024246,
      0.2845478951931,
      0.31865188479423523,
      0.4302452504634857,
      0.6651857495307922,
      0.563169002532959,
      0.09043417870998383,
      0.3369673192501068,
      0.3519060015678406,
      0.4897828996181488,
      0.5984848141670227,
      0.7514285445213318,
      0.12156391888856888,
      0.2916649580001831,
      0.31771406531333923,
      0.4227542281150818,
      0.6626902222633362,
      0.5804171562194824
    ],
    "tamura_coarseness": 3.7744962206930524,
    "tamura_contrast": 16.607206344604492,
    "tamura_directionality": -3.6269960403442383,
    "tamura_direction_histogram": [
      0.1872483193874359,
      0.1213659718632698,
      0.07259376347064972,
      0.04123963788151741,
      0.03356494382023811,
      0.024263719096779823,
      0.021484406664967537,
      0.01834978349506855,
      0.025606000795960426,
      0.021208053454756737,
      0.02311883121728897,
      0.02641136944293976,
      0.042992498725652695,
      0.062684565782547,
      0.11294117569923401,
      0.16492696106433868
    ],
    "combined": [
      0.09034793078899384,
      0.936991274356842,
      0.3508932590484619,
      2.564633369445801,
      0.5965580344200134,
      2.9324097633361816,
      0.12189335376024246,
      0.2845478951931,
      0.31865188479423523,
      0.4302452504634857,
      0.6651857495307922,
      0.563169002532959,
      0.09043417870998383,
      0.3369673192501068,
      0.3519060015678406,
      0.4897828996181488,
      0.5984848141670227,
      0.7514285445213318,
      0.12156391888856888,
      0.2916649580001831,
      0.31771406531333923,
      0.4227542281150818,
      0.6626902222633362,
      0.5804171562194824,
      3.7744962206930524,
      16.607206344604492,
      -3.6269960403442383,
      0.1872483193874359,
      0.1213659718632698,
      0.07259376347064972,
      0.04123963788151741,
      0.03356494382023811,
      0.024263719096779823,
      0.021484406664967537,
      0.01834978349506855,
      0.025606000795960426,
      0.021208053454756737,
      0.02311883121728897,
      0.02641136944293976,
      0.042992498725652695,
      0.062684565782547,
      0.11294117569923401,
      0.16492696106433868
    ]
  },
  "combined_feature_vector": [
    0.0,
    1.0,
    0.05963374661325381,
    0.10862596324259388,
    0.029810071646153576,
    0.03174333268619488,
    0.01865000651738631,
    0.012713990389523437,
    0.010841907621181424,
    0.007891951110944088,
    0.00707124127713136,
    0.0074418926426974156,
    0.0029298923430546016,
    0.007622643107101864,
    0.0032774713325886464,
    0.00495887339146956,
    0.004541753994495548,
    0.0035894165765289073,
    0.00451658413547864,
    0.005127638399300121,
    0.478723406791687,
    0.003546099178493023,
    0.028368793427944183,
    0.04609929025173187,
    0.3652482330799103,
    0.07092198729515076,
    0.003546099178493023,
    0.003546099178493023,
    0.09034793078899384,
    0.936991274356842,
    0.3508932590484619,
    2.564633369445801,
    0.5965580344200134,
    2.9324097633361816,
    0.12189335376024246,
    0.2845478951931,
    0.31865188479423523,
    0.4302452504634857,
    0.6651857495307922,
    0.563169002532959,
    0.09043417870998383,
    0.3369673192501068,
    0.3519060015678406,
    0.4897828996181488,
    0.5984848141670227,
    0.7514285445213318,
    0.12156391888856888,
    0.2916649580001831,
    0.31771406531333923,
    0.4227542281150818,
    0.6626902222633362,
    0.5804171562194824,
    3.7744962206930524,
    16.607206344604492,
    -3.6269960403442383,
    0.1872483193874359,
    0.1213659718632698,
    0.07259376347064972,
    0.04123963788151741,
    0.03356494382023811,
    0.024263719096779823,
    0.021484406664967537,
    0.01834978349506855,
    0.025606000795960426,
    0.021208053454756737,
    0.02311883121728897,
    0.02641136944293976,
    0.042992498725652695,
    0.062684565782547,
    0.11294117569923401,
    0.16492696106433868
  ]
}