{
  "image_path": "Textures\\Im07.jpg",
  "image_name": "Im07.jpg",
  "shape_features": {
    "fourier_descriptors": [
      0.0,
      1.0,
      1.0086451277163253,
      0.796211602807935,
      0.1511178820449367,
      0.31745756739104736,
      0.49050578202981454,
      0.2487876355046254,
      0.0900752318509572,
      0.21207365255064975,
      0.18340480407679055,
      0.1726961689234611,
      0.15690294998229914,
      0.1777501175841031,
      0.10527028714528458,
      0.05327061696284858,
      0.0954321584108706,
      0.04900013935993341,
      0.14184239985879887,
      0.06095285383352399
    ],
    "direction_histogram": [
      0.18458646535873413,
      0.08596491068601608,
      0.15513785183429718,
      0.0662907287478447,
      0.20062656700611115,
      0.07982455939054489,
      0.1512531340122223,
      0.07631579041481018
    ],
    "combined": [
      0.0,
      1.0,
      1.0086451277163253,
      0.796211602807935,
      0.1511178820449367,
      0.31745756739104736,
      0.49050578202981454,
      0.2487876355046254,
      0.0900752318509572,
      0.21207365255064975,
      0.18340480407679055,
      0.1726961689234611,
      0.15690294998229914,
      0.1777501175841031,
      0.10527028714528458,
      0.05327061696284858,
      0.0954321584108706,
      0.04900013935993341,
      0.14184239985879887,
      0.06095285383352399,
      0.18458646535873413,
      0.08596491068601608,
      0.15513785183429718,
      0.0662907287478447,
      0.20062656700611115,
      0.07982455939054489,
      0.1512531340122223,
      0.07631579041481018
    ]
  },
  "texture_features": {
    "gabor_features": [
      0.15787062048912048,
      0.3406943380832672,
      0.615951418876648,
      0.8840961456298828,
      1.0445584058761597,
      1.5129698514938354,
      0.21348431706428528,
      0.3142719566822052,
      0.5577500462532043,
      0.93636155128479,
      1.1643701791763306,
      1.526747703552246,
      0.15776821970939636,
      0.4056236743927002,
      0.614494264125824,
      1.0961406230926514,
      1.0426220893859863,
      1.7621819972991943,
      0.21353031694889069,
      0.336727499961853,
      0.5578530430793762,
      1.2460829019546509,
      1.164486289024353,
      2.169618606567383
    ],
    "tamura_coarseness": 7.80424095678333,
    "tamura_contrast": 43.097068786621094,
    "tamura_directionality": -1.6471035480499268,
    "tamura_direction_histogram": [
      0.06737538427114487,
      0.058684706687927246,
      0.05585417151451111,
      0.05002298578619957,
      0.06004567816853523,
      0.059010472148656845,
      0.06327436864376068,
      0.06199302896857262,
      0.07359025627374649,
      0.06816446036100388,
      0.06620263308286667,
      0.05933261662721634,
      0.06865672767162323,
      0.06368338316679001,
      0.06505883485078812,
      0.059050288051366806
    ],
    "combined": [
      0.15787062048912048,
      0.3406943380832672,
      0.615951418876648,
      0.8840961456298828,
      1.0445584058761597,
      1.5129698514938354,
      0.21348431706428528,
      0.3142719566822052,
      0.5577500462532043,
      0.93636155128479,
      1.1643701791763306,
      1.526747703552246,
      0.15776821970939636,
      0.4056236743927002,
      0.614494264125824,
      1.0961406230926514,
      1.0426220893859863,
      1.7621819972991943,
      0.21353031694889069,
      0.336727499961853,
      0.5578530430793762,
      1.2460829019546509,
      1.164486289024353,
      2.169618606567383,
      7.80424095678333,
      43.097068786621094,
      -1.6471035480499268,
      0.06737538427114487,
      0.058684706687927246,
      0.05585417151451111,
      0.05002298578619957,
      0.06004567816853523,
      0.059010472148656845,
      0.06327436864376068,
      0.06199302896857262,
      0.07359025627374649,
      0.06816446036100388,
      0.06620263308286667,
      0.05933261662721634,
      0.06865672767162323,
      0.06368338316679001,
      0.06505883485078812,
      0.059050288051366806
    ]
  },
  "combined_feature_vector": [
    0.0,
    1.0,
    1.0086451277163253,
    0.796211602807935,
    0.1511178820449367,
    0.31745756739104736,
    0.49050578202981454,
    0.2487876355046254,
    0.0900752318509572,
    0.21207365255064975,
    0.18340480407679055,
    0.1726961689234611,
    0.15690294998229914,
    0.1777501175841031,
    0.10527028714528458,
    0.05327061696284858,
    0.0954321584108706,
    0.04900013935993341,
    0.14184239985879887,
    0.06095285383352399,
    0.18458646535873413,
    0.08596491068601608,
    0.15513785183429718,
    0.0662907287478447,
    0.20062656700611115,
    0.07982455939054489,
    0.1512531340122223,
    0.07631579041481018,
    0.15787062048912048,
    0.3406943380832672,
    0.615951418876648,
    0.8840961456298828,
    1.0445584058761597,
    1.5129698514938354,
    0.21348431706428528,
    0.3142719566822052,
    0.5577500462532043,
    0.93636155128479,
    1.1643701791763306,
    1.526747703552246,
    0.15776821970939636,
    0.4056236743927002,
    0.614494264125824,
    1.0961406230926514,
    1.0426220893859863,
    1.7621819972991943,
    0.21353031694889069,
    0.336727499961853,
    0.5578530430793762,
    1.2460829019546509,
    1.164486289024353,
    2.169618606567383,
    7.80424095678333,
    43.097068786621094,
    -1.6471035480499268,
    0.06737538427114487,
    0.058684706687927246,
    0.05585417151451111,
    0.05002298578619957,
    0.06004567816853523,
    0.059010472148656845,
    0.06327436864376068,
    0.06199302896857262,
    0.07359025627374649,
    0.06816446036100388,
    0.06620263308286667,
    0.05933261662721634,
    0.06865672767162323,
    0.06368338316679001,
    0.06505883485078812,
    0.059050288051366806
  ]
}