{
  "image_path": "Textures\\Im08.jpg",
  "image_name": "Im08.jpg",
  "shape_features": {
    "fourier_descriptors": [
      0.0,
      1.0,
      1.8469692679128253,
      4.211112323356516,
      0.9338116982536708,
      0.9189769538458923,
      0.6068168746331071,
      0.36897714984615665,
      0.5918065755404414,
      0.19292072973034252,
      0.09577141649376632,
      0.08142816046164172,
      0.05244584222831053,
      0.2845330860044517,
      0.1084112280017607,
      0.11245544065131473,
      0.07355693556871395,
      0.05684058040482162,
      0.12364985059601621,
      0.09323320241388573
    ],
    "direction_histogram": [
      0.22331871092319489,
      0.03618421033024788,
      0.21089181303977966,
      0.05299707502126694,
      0.17653508484363556,
      0.07017543911933899,
      0.18932747840881348,
      0.040570177137851715
    ],
    "combined": [
      0.0,
      1.0,
      1.8469692679128253,
      4.211112323356516,
      0.9338116982536708,
      0.9189769538458923,
      0.6068168746331071,
      0.36897714984615665,
      0.5918065755404414,
      0.19292072973034252,
      0.09577141649376632,
      0.08142816046164172,
      0.05244584222831053,
      0.2845330860044517,
      0.1084112280017607,
      0.11245544065131473,
      0.07355693556871395,
      0.05684058040482162,
      0.12364985059601621,
      0.09323320241388573,
      0.22331871092319489,
      0.03618421033024788,
      0.21089181303977966,
      0.05299707502126694,
      0.17653508484363556,
      0.07017543911933899,
      0.18932747840881348,
      0.040570177137851715
    ]
  },
  "texture_features": {
    "gabor_features": [
      0.1935190111398697,
      0.8608285784721375,
      0.753919780254364,
      1.6840589046478271,
      1.2763261795043945,
      2.1880593299865723,
      0.26116588711738586,
      0.7840225100517273,
      0.6822042465209961,
      1.4984958171844482,
      1.4239636659622192,
      1.955830454826355,
      0.1928548514842987,
      0.9199039340019226,
      0.7524173259735107,
      1.7603881359100342,
      1.275373101234436,
      2.250732421875,
      0.26130419969558716,
      0.8150583505630493,
      0.6825730204582214,
      1.5949510335922241,
      1.4250328540802002,
      2.128922939300537
    ],
    "tamura_coarseness": 3.579454926624738,
    "tamura_contrast": 30.746139526367188,
    "tamura_directionality": -1.653141736984253,
    "tamura_direction_histogram": [
      0.0675104632973671,
      0.061064232140779495,
      0.0577424019575119,
      0.053551141172647476,
      0.05999390408396721,
      0.060302186757326126,
      0.06486061215400696,
      0.0653836578130722,
      0.07360337674617767,
      0.06701166927814484,
      0.06354089081287384,
      0.05797448009252548,
      0.06266453117132187,
      0.06117161363363266,
      0.062030646950006485,
      0.06159420311450958
    ],
    "combined": [
      0.1935190111398697,
      0.8608285784721375,
      0.753919780254364,
      1.6840589046478271,
      1.2763261795043945,
      2.1880593299865723,
      0.26116588711738586,
      0.7840225100517273,
      0.6822042465209961,
      1.4984958171844482,
      1.4239636659622192,
      1.955830454826355,
      0.1928548514842987,
      0.9199039340019226,
      0.7524173259735107,
      1.7603881359100342,
      1.275373101234436,
      2.250732421875,
      0.26130419969558716,
      0.8150583505630493,
      0.6825730204582214,
      1.5949510335922241,
      1.4250328540802002,
      2.128922939300537,
      3.579454926624738,
      30.746139526367188,
      -1.653141736984253,
      0.0675104632973671,
      0.061064232140779495,
      0.0577424019575119,
      0.053551141172647476,
      0.05999390408396721,
      0.060302186757326126,
      0.06486061215400696,
      0.0653836578130722,
      0.07360337674617767,
      0.06701166927814484,
      0.06354089081287384,
      0.05797448009252548,
      0.06266453117132187,
      0.06117161363363266,
      0.062030646950006485,
      0.06159420311450958
    ]
  },
  "combined_feature_vector": [
    0.0,
    1.0,
    1.8469692679128253,
    4.211112323356516,
    0.9338116982536708,
    0.9189769538458923,
    0.6068168746331071,
    0.36897714984615665,
    0.5918065755404414,
    0.19292072973034252,
    0.09577141649376632,
    0.08142816046164172,
    0.05244584222831053,
    0.2845330860044517,
    0.1084112280017607,
    0.11245544065131473,
    0.07355693556871395,
    0.05684058040482162,
    0.12364985059601621,
    0.09323320241388573,
    0.22331871092319489,
    0.03618421033024788,
    0.21089181303977966,
    0.05299707502126694,
    0.17653508484363556,
    0.07017543911933899,
    0.18932747840881348,
    0.040570177137851715,
    0.1935190111398697,
    0.8608285784721375,
    0.753919780254364,
    1.6840589046478271,
    1.2763261795043945,
    2.1880593299865723,
    0.26116588711738586,
    0.7840225100517273,
    0.6822042465209961,
    1.4984958171844482,
    1.4239636659622192,
    1.955830454826355,
    0.1928548514842987,
    0.9199039340019226,
    0.7524173259735107,
    1.7603881359100342,
    1.275373101234436,
    2.250732421875,
    0.26130419969558716,
    0.8150583505630493,
    0.6825730204582214,
    1.5949510335922241,
    1.4250328540802002,
    2.128922939300537,
    3.579454926624738,
    30.746139526367188,
    -1.653141736984253,
    0.0675104632973671,
    0.061064232140779495,
    0.0577424019575119,
    0.053551141172647476,
    0.05999390408396721,
    0.060302186757326126,
    0.06486061215400696,
    0.0653836578130722,
    0.07360337674617767,
    0.06701166927814484,
    0.06354089081287384,
    0.05797448009252548,
    0.06266453117132187,
    0.06117161363363266,
    0.062030646950006485,
    0.06159420311450958
  ]
}