{
  "image_path": "Textures\\Im09.jpg",
  "image_name": "Im09.jpg",
  "shape_features": {
    "fourier_descriptors": [
      0.0,
      1.0,
      0.8788558140115907,
      0.2532332209688986,
      1.594083351783126,
      0.8553537496213873,
      0.8578766120887145,
      0.34192348902509906,
      0.09430393125026161,
      0.43661877338540167,
      0.24763478253932417,
      0.36357392219983414,
      0.18744546910778623,
      0.17503276209469792,
      0.2480888041480944,
      0.3483236179798988,
      0.19310537673719114,
      0.18033650663016787,
      0.14778347708135778,
      0.11362498927009654
    ],
    "direction_histogram": [
      0.21048544347286224,
      0.041941747069358826,
      0.1631067991256714,
      0.06873786449432373,
      0.24194175004959106,
      0.0326213575899601,
      0.14990290999412537,
      0.09126213937997818
    ],
    "combined": [
      0.0,
      1.0,
      0.8788558140115907,
      0.2532332209688986,
      1.594083351783126,
      0.8553537496213873,
      0.8578766120887145,
      0.34192348902509906,
      0.09430393125026161,
      0.43661877338540167,
      0.24763478253932417,
      0.36357392219983414,
      0.18744546910778623,
      0.17503276209469792,
      0.2480888041480944,
      0.3483236179798988,
      0.19310537673719114,
      0.18033650663016787,
      0.14778347708135778,
      0.11362498927009654,
      0.21048544347286224,
      0.041941747069358826,
      0.1631067991256714,
      0.06873786449432373,
      0.24194175004959106,
      0.0326213575899601,
      0.14990290999412537,
      0.09126213937997818
    ]
  },
  "texture_features": {
    "gabor_features": [
      0.20308367908000946,
      0.1589284986257553,
      0.7926129698753357,
      0.37859266996383667,
      1.343336582183838,
      0.6613667011260986,
      0.2748415470123291,
      0.20897819101810455,
      0.7179773449897766,
      0.6599070429801941,
      1.4988032579421997,
      1.2646900415420532,
      0.20303526520729065,
      0.3182584345340729,
      0.7938984036445618,
      1.1834627389907837,
      1.3444104194641113,
      1.7354592084884644,
      0.2748378813266754,
      0.18827924132347107,
      0.7179656028747559,
      0.5117394328117371,
      1.4983426332473755,
      0.8974204659461975
    ],
    "tamura_coarseness": 7.274060158493662,
    "tamura_contrast": 26.24295997619629,
    "tamura_directionality": -0.8783650398254395,
    "tamura_direction_histogram": [
      0.04493153840303421,
      0.043188631534576416,
      0.04833611473441124,
      0.04716925323009491,
      0.07606752961874008,
      0.09136227518320084,
      0.1094486191868782,
      0.10328936576843262,
      0.10675302147865295,
      0.07730086147785187,
      0.05926620587706566,
      0.04069982096552849,
      0.045145709067583084,
      0.03765711933374405,
      0.03739125281572342,
      0.03199267387390137
    ],
    "combined": [
      0.20308367908000946,
      0.1589284986257553,
      0.7926129698753357,
      0.37859266996383667,
      1.343336582183838,
      0.6613667011260986,
      0.2748415470123291,
      0.20897819101810455,
      0.7179773449897766,
      0.6599070429801941,
      1.4988032579421997,
      1.2646900415420532,
      0.20303526520729065,
      0.3182584345340729,
      0.7938984036445618,
      1.1834627389907837,
      1.3444104194641113,
      1.7354592084884644,
      0.2748378813266754,
      0.18827924132347107,
      0.7179656028747559,
      0.5117394328117371,
      1.4983426332473755,
      0.8974204659461975,
      7.274060158493662,
      26.24295997619629,
      -0.8783650398254395,
      0.04493153840303421,
      0.043188631534576416,
      0.04833611473441124,
      0.04716925323009491,
      0.07606752961874008,
      0.09136227518320084,
      0.1094486191868782,
      0.10328936576843262,
      0.10675302147865295,
      0.07730086147785187,
      0.05926620587706566,
      0.04069982096552849,
      0.045145709067583084,
      0.03765711933374405,
      0.03739125281572342,
      0.03199267387390137
    ]
  },
  "combined_feature_vector": [
    0.0,
    1.0,
    0.8788558140115907,
    0.2532332209688986,
    1.594083351783126,
    0.8553537496213873,
    0.8578766120887145,
    0.34192348902509906,
    0.09430393125026161,
    0.43661877338540167,
    0.24763478253932417,
    0.36357392219983414,
    0.18744546910778623,
    0.17503276209469792,
    0.2480888041480944,
    0.3483236179798988,
    0.19310537673719114,
    0.18033650663016787,
    0.14778347708135778,
    0.11362498927009654,
    0.21048544347286224,
    0.041941747069358826,
    0.1631067991256714,
    0.06873786449432373,
    0.24194175004959106,
    0.0326213575899601,
    0.14990290999412537,
    0.09126213937997818,
    0.20308367908000946,
    0.1589284986257553,
    0.7926129698753357,
    0.37859266996383667,
    1.343336582183838,
    0.6613667011260986,
    0.2748415470123291,
    0.20897819101810455,
    0.7179773449897766,
    0.6599070429801941,
    1.4988032579421997,
    1.2646900415420532,
    0.20303526520729065,
    0.3182584345340729,
    0.7938984036445618,
    1.1834627389907837,
    1.3444104194641113,
    1.7354592084884644,
    0.2748378813266754,
    0.18827924132347107,
    0.7179656028747559,
    0.5117394328117371,
    1.4983426332473755,
    0.8974204659461975,
    7.274060158493662,
    26.24295997619629,
    -0.8783650398254395,
    0.04493153840303421,
    0.043188631534576416,
    0.04833611473441124,
    0.04716925323009491,
    0.07606752961874008,
    0.09136227518320084,
    0.1094486191868782,
    0.10328936576843262,
    0.10675302147865295,
    0.07730086147785187,
    0.05926620587706566,
    0.04069982096552849,
    0.045145709067583084,
    0.03765711933374405,
    0.03739125281572342,
    0.03199267387390137
  ]
}