{
  "image_path": "Textures\\Im10.jpg",
  "image_name": "Im10.jpg",
  "shape_features": {
    "fourier_descriptors": [
      0.0,
      1.0,
      0.497473139669377,
      0.11466665620810386,
      0.17853038240311392,
      0.27941925595653927,
      0.16172998132360408,
      0.19912057667977298,
      0.13183000308558201,
      0.04867351666038401,
      0.10830809818242614,
      0.0697622829396692,
      0.05048102877267954,
      0.04599021698068232,
      0.03320698091319806,
      0.01771389681871079,
      0.04120773359898561,
      0.010378660417103266,
      0.016423202793824462,
      0.036925178471744806
    ],
    "direction_histogram": [
      0.12249705195426941,
      0.06595995277166367,
      0.1472320407629013,
      0.1601884514093399,
      0.13074204325675964,
      0.05300353467464447,
      0.16372202336788177,
      0.15665489435195923
    ],
    "combined": [
      0.0,
      1.0,
      0.497473139669377,
      0.11466665620810386,
      0.17853038240311392,
      0.27941925595653927,
      0.16172998132360408,
      0.19912057667977298,
      0.13183000308558201,
      0.04867351666038401,
      0.10830809818242614,
      0.0697622829396692,
      0.05048102877267954,
      0.04599021698068232,
      0.03320698091319806,
      0.01771389681871079,
      0.04120773359898561,
      0.010378660417103266,
      0.016423202793824462,
      0.036925178471744806,
      0.12249705195426941,
      0.06595995277166367,
      0.1472320407629013,
      0.1601884514093399,
      0.13074204325675964,
      0.05300353467464447,
      0.16372202336788177,
      0.15665489435195923
    ]
  },
  "texture_features": {
    "gabor_features": [
      0.09967661648988724,
      0.06213134527206421,
      0.38873618841171265,
      0.1801535189151764,
      0.6590505242347717,
      0.44193920493125916,
      0.13483110070228577,
      0.04806189984083176,
      0.35221418738365173,
      0.23791252076625824,
      0.7353260517120361,
      0.7157655358314514,
      0.09964229166507721,
      0.06519446521997452,
      0.3889806866645813,
      0.2010604441165924,
      0.659077525138855,
      0.5064954161643982,
      0.13495709002017975,
      0.047776199877262115,
      0.3525620698928833,
      0.15578687191009521,
      0.7360729575157166,
      0.3869960904121399
    ],
    "tamura_coarseness": 9.26405015146737,
    "tamura_contrast": 17.276023864746094,
    "tamura_directionality": -1.6853811740875244,
    "tamura_direction_histogram": [
      0.07383214682340622,
      0.06884623318910599,
      0.06915060430765152,
      0.05724624544382095,
      0.07859582453966141,
      0.07040674984455109,
      0.06737751513719559,
      0.05307682231068611,
      0.06912644952535629,
      0.058579690754413605,
      0.05880193039774895,
      0.042467255145311356,
      0.06167173013091087,
      0.058845411986112595,
      0.06078759953379631,
      0.05118777975440025
    ],
    "combined": [
      0.09967661648988724,
      0.06213134527206421,
      0.38873618841171265,
      0.1801535189151764,
      0.6590505242347717,
      0.44193920493125916,
      0.13483110070228577,
      0.04806189984083176,
      0.35221418738365173,
      0.23791252076625824,
      0.7353260517120361,
      0.7157655358314514,
      0.09964229166507721,
      0.06519446521997452,
      0.3889806866645813,
      0.2010604441165924,
      0.659077525138855,
      0.5064954161643982,
      0.13495709002017975,
      0.047776199877262115,
      0.3525620698928833,
      0.15578687191009521,
      0.7360729575157166,
      0.3869960904121399,
      9.26405015146737,
      17.276023864746094,
      -1.6853811740875244,
      0.07383214682340622,
      0.06884623318910599,
      0.06915060430765152,
      0.05724624544382095,
      0.07859582453966141,
      0.07040674984455109,
      0.06737751513719559,
      0.05307682231068611,
      0.06912644952535629,
      0.058579690754413605,
      0.05880193039774895,
      0.042467255145311356,
      0.06167173013091087,
      0.058845411986112595,
      0.06078759953379631,
      0.05118777975440025
    ]
  },
  "combined_feature_vector": [
    0.0,
    1.0,
    0.497473139669377,
    0.11466665620810386,
    0.17853038240311392,
    0.27941925595653927,
    0.16172998132360408,
    0.19912057667977298,
    0.13183000308558201,
    0.04867351666038401,
    0.10830809818242614,
    0.0697622829396692,
    0.05048102877267954,
    0.04599021698068232,
    0.03320698091319806,
    0.01771389681871079,
    0.04120773359898561,
    0.010378660417103266,
    0.016423202793824462,
    0.036925178471744806,
    0.12249705195426941,
    0.06595995277166367,
    0.1472320407629013,
    0.1601884514093399,
    0.13074204325675964,
    0.05300353467464447,
    0.16372202336788177,
    0.15665489435195923,
    0.09967661648988724,
    0.06213134527206421,
    0.38873618841171265,
    0.1801535189151764,
    0.6590505242347717,
    0.44193920493125916,
    0.13483110070228577,
    0.04806189984083176,
    0.35221418738365173,
    0.23791252076625824,
    0.7353260517120361,
    0.7157655358314514,
    0.09964229166507721,
    0.06519446521997452,
    0.3889806866645813,
    0.2010604441165924,
    0.659077525138855,
    0.5064954161643982,
    0.13495709002017975,
    0.047776199877262115,
    0.3525620698928833,
    0.15578687191009521,
    0.7360729575157166,
    0.3869960904121399,
    9.26405015146737,
    17.276023864746094,
    -1.6853811740875244,
    0.07383214682340622,
    0.06884623318910599,
    0.06915060430765152,
    0.05724624544382095,
    0.07859582453966141,
    0.07040674984455109,
    0.06737751513719559,
    0.05307682231068611,
    0.06912644952535629,
    0.058579690754413605,
    0.05880193039774895,
    0.042467255145311356,
    0.06167173013091087,
    0.058845411986112595,
    0.06078759953379631,
    0.05118777975440025
  ]
}