{
  "image_path": "Textures\\Im11.jpg",
  "image_name": "Im11.jpg",
  "shape_features": {
    "fourier_descriptors": [
      0.0,
      1.0,
      2.662069245405241,
      3.1156135685973476,
      3.259470511954572,
      1.7743507859601109,
      0.7714621534711669,
      2.6864358505671135,
      1.297566671829162,
      1.1009308690783426,
      0.06072502568723465,
      0.5897805930743987,
      0.9202765905442138,
      0.4211603525182071,
      0.17550946989437552,
      0.5360951405591216,
      0.16858918783738044,
      0.37606516598435774,
      0.11588495243323257,
      0.10920530715611185
    ],
    "direction_histogram": [
      0.09356725215911865,
      0.12865497171878815,
      0.16374269127845764,
      0.11695906519889832,
      0.09356725215911865,
      0.12865497171878815,
      0.15789473056793213,
      0.11695906519889832
    ],
    "combined": [
      0.0,
      1.0,
      2.662069245405241,
      3.1156135685973476,
      3.259470511954572,
      1.7743507859601109,
      0.7714621534711669,
      2.6864358505671135,
      1.297566671829162,
      1.1009308690783426,
      0.06072502568723465,
      0.5897805930743987,
      0.9202765905442138,
      0.4211603525182071,
      0.17550946989437552,
      0.5360951405591216,
      0.16858918783738044,
      0.37606516598435774,
      0.11588495243323257,
      0.10920530715611185,
      0.09356725215911865,
      0.12865497171878815,
      0.16374269127845764,
      0.11695906519889832,
      0.09356725215911865,
      0.12865497171878815,
      0.15789473056793213,
      0.11695906519889832
    ]
  },
  "texture_features": {
    "gabor_features": [
      0.09882105886936188,
      0.6239511370658875,
      0.3852553367614746,
      1.48200523853302,
      0.6521881222724915,
      1.829667091369629,
      0.13363978266716003,
      0.6693500876426697,
      0.3490847945213318,
      1.2936244010925293,
      0.7288488745689392,
      1.5205632448196411,
      0.09886211156845093,
      0.5587190985679626,
      0.3853776454925537,
      1.0934598445892334,
      0.6538470983505249,
      1.2008696794509888,
      0.1335659772157669,
      0.5714892148971558,
      0.34895092248916626,
      1.0597950220108032,
      0.7286979556083679,
      1.3166910409927368
    ],
    "tamura_coarseness": 2.0905225409836063,
    "tamura_contrast": 18.588071823120117,
    "tamura_directionality": -2.0705649852752686,
    "tamura_direction_histogram": [
      0.08786840736865997,
      0.08216064423322678,
      0.07663968205451965,
      0.06564964354038239,
      0.06273350119590759,
      0.05931922048330307,
      0.053632210940122604,
      0.05010377615690231,
      0.05699460208415985,
      0.0485990047454834,
      0.04891033470630646,
      0.04698007553815842,
      0.056216273456811905,
      0.06085512787103653,
      0.06848277151584625,
      0.07485470920801163
    ],
    "combined": [
      0.09882105886936188,
      0.6239511370658875,
      0.3852553367614746,
      1.48200523853302,
      0.6521881222724915,
      1.829667091369629,
      0.13363978266716003,
      0.6693500876426697,
      0.3490847945213318,
      1.2936244010925293,
      0.7288488745689392,
      1.5205632448196411,
      0.09886211156845093,
      0.5587190985679626,
      0.3853776454925537,
      1.0934598445892334,
      0.6538470983505249,
      1.2008696794509888,
      0.1335659772157669,
      0.5714892148971558,
      0.34895092248916626,
      1.0597950220108032,
      0.7286979556083679,
      1.3166910409927368,
      2.0905225409836063,
      18.588071823120117,
      -2.0705649852752686,
      0.08786840736865997,
      0.08216064423322678,
      0.07663968205451965,
      0.06564964354038239,
      0.06273350119590759,
      0.05931922048330307,
      0.053632210940122604,
      0.05010377615690231,
      0.05699460208415985,
      0.0485990047454834,
      0.04891033470630646,
      0.04698007553815842,
      0.056216273456811905,
      0.06085512787103653,
      0.06848277151584625,
      0.07485470920801163
    ]
  },
  "combined_feature_vector": [
    0.0,
    1.0,
    2.662069245405241,
    3.1156135685973476,
    3.259470511954572,
    1.7743507859601109,
    0.7714621534711669,
    2.6864358505671135,
    1.297566671829162,
    1.1009308690783426,
    0.06072502568723465,
    0.5897805930743987,
    0.9202765905442138,
    0.4211603525182071,
    0.17550946989437552,
    0.5360951405591216,
    0.16858918783738044,
    0.37606516598435774,
    0.11588495243323257,
    0.10920530715611185,
    0.09356725215911865,
    0.12865497171878815,
    0.16374269127845764,
    0.11695906519889832,
    0.09356725215911865,
    0.12865497171878815,
    0.15789473056793213,
    0.11695906519889832,
    0.09882105886936188,
    0.6239511370658875,
    0.3852553367614746,
    1.48200523853302,
    0.6521881222724915,
    1.829667091369629,
    0.13363978266716003,
    0.6693500876426697,
    0.3490847945213318,
    1.2936244010925293,
    0.7288488745689392,
    1.5205632448196411,
    0.09886211156845093,
    0.5587190985679626,
    0.3853776454925537,
    1.0934598445892334,
    0.6538470983505249,
    1.2008696794509888,
    0.1335659772157669,
    0.5714892148971558,
    0.34895092248916626,
    1.0597950220108032,
    0.7286979556083679,
    1.3166910409927368,
    2.0905225409836063,
    18.588071823120117,
    -2.0705649852752686,
    0.08786840736865997,
    0.08216064423322678,
    0.07663968205451965,
    0.06564964354038239,
    0.06273350119590759,
    0.05931922048330307,
    0.053632210940122604,
    0.05010377615690231,
    0.05699460208415985,
    0.0485990047454834,
    0.04891033470630646,
    0.04698007553815842,
    0.056216273456811905,
    0.06085512787103653,
    0.06848277151584625,
    0.07485470920801163
  ]
}