{
  "image_path": "Textures\\Im12.jpg",
  "image_name": "Im12.jpg",
  "shape_features": {
    "fourier_descriptors": [
      0.0,
      1.0,
      0.44641975551378543,
      0.0531080020210431,
      0.14858804363712985,
      0.2821498950309439,
      0.14215022626070553,
      0.19652695277079993,
      0.06825432236263053,
      0.1399064844247069,
      0.16649793901112467,
      0.09633060636459599,
      0.025158371094238616,
      0.06589721196417916,
      0.025880927005171396,
      0.09070502704404712,
      0.02890507966399997,
      0.04440015323744652,
      0.0469714548458861,
      0.07216212747423005
    ],
    "direction_histogram": [
      0.11997447162866592,
      0.15634971857070923,
      0.1295469105243683,
      0.0829610750079155,
      0.14231014251708984,
      0.13592852652072906,
      0.14741544425487518,
      0.08551371842622757
    ],
    "combined": [
      0.0,
      1.0,
      0.44641975551378543,
      0.0531080020210431,
      0.14858804363712985,
      0.2821498950309439,
      0.14215022626070553,
      0.19652695277079993,
      0.06825432236263053,
      0.1399064844247069,
      0.16649793901112467,
      0.09633060636459599,
      0.025158371094238616,
      0.06589721196417916,
      0.025880927005171396,
      0.09070502704404712,
      0.02890507966399997,
      0.04440015323744652,
      0.0469714548458861,
      0.07216212747423005,
      0.11997447162866592,
      0.15634971857070923,
      0.1295469105243683,
      0.0829610750079155,
      0.14231014251708984,
      0.13592852652072906,
      0.14741544425487518,
      0.08551371842622757
    ]
  },
  "texture_features": {
    "gabor_features": [
      0.10015268623828888,
      0.8051172494888306,
      0.39156585931777954,
      1.9097681045532227,
      0.6657606363296509,
      2.8849315643310547,
      0.13619352877140045,
      0.5462747812271118,
      0.3559485077857971,
      1.4341416358947754,
      0.742361307144165,
      2.272747755050659,
      0.10102763772010803,
      0.5985333919525146,
      0.3922760486602783,
      1.4067877531051636,
      0.6663188934326172,
      2.2329087257385254,
      0.13613271713256836,
      0.6069083213806152,
      0.35572412610054016,
      1.8156988620758057,
      0.7425894141197205,
      2.896324634552002
    ],
    "tamura_coarseness": 4.706811814616185,
    "tamura_contrast": 36.47028350830078,
    "tamura_directionality": -1.9486310482025146,
    "tamura_direction_histogram": [
      0.07927729934453964,
      0.06564252078533173,
      0.057081397622823715,
      0.0519968718290329,
      0.054870497435331345,
      0.051752422004938126,
      0.052773673087358475,
      0.05357763543725014,
      0.060525402426719666,
      0.058662161231040955,
      0.06289926916360855,
      0.05996588617563248,
      0.06898874789476395,
      0.07287275791168213,
      0.07477401942014694,
      0.07433944940567017
    ],
    "combined": [
      0.10015268623828888,
      0.8051172494888306,
      0.39156585931777954,
      1.9097681045532227,
      0.6657606363296509,
      2.8849315643310547,
      0.13619352877140045,
      0.5462747812271118,
      0.3559485077857971,
      1.4341416358947754,
      0.742361307144165,
      2.272747755050659,
      0.10102763772010803,
      0.5985333919525146,
      0.3922760486602783,
      1.4067877531051636,
      0.6663188934326172,
      2.2329087257385254,
      0.13613271713256836,
      0.6069083213806152,
      0.35572412610054016,
      1.8156988620758057,
      0.7425894141197205,
      2.896324634552002,
      4.706811814616185,
      36.47028350830078,
      -1.9486310482025146,
      0.07927729934453964,
      0.06564252078533173,
      0.057081397622823715,
      0.0519968718290329,
      0.054870497435331345,
      0.051752422004938126,
      0.052773673087358475,
      0.05357763543725014,
      0.060525402426719666,
      0.058662161231040955,
      0.06289926916360855,
      0.05996588617563248,
      0.06898874789476395,
      0.07287275791168213,
      0.07477401942014694,
      0.07433944940567017
    ]
  },
  "combined_feature_vector": [
    0.0,
    1.0,
    0.44641975551378543,
    0.0531080020210431,
    0.14858804363712985,
    0.2821498950309439,
    0.14215022626070553,
    0.19652695277079993,
    0.06825432236263053,
    0.1399064844247069,
    0.16649793901112467,
    0.09633060636459599,
    0.025158371094238616,
    0.06589721196417916,
    0.025880927005171396,
    0.09070502704404712,
    0.02890507966399997,
    0.04440015323744652,
    0.0469714548458861,
    0.07216212747423005,
    0.11997447162866592,
    0.15634971857070923,
    0.1295469105243683,
    0.0829610750079155,
    0.14231014251708984,
    0.13592852652072906,
    0.14741544425487518,
    0.08551371842622757,
    0.10015268623828888,
    0.8051172494888306,
    0.39156585931777954,
    1.9097681045532227,
    0.6657606363296509,
    2.8849315643310547,
    0.13619352877140045,
    0.5462747812271118,
    0.3559485077857971,
    1.4341416358947754,
    0.742361307144165,
    2.272747755050659,
    0.10102763772010803,
    0.5985333919525146,
    0.3922760486602783,
    1.4067877531051636,
    0.6663188934326172,
    2.2329087257385254,
    0.13613271713256836,
    0.6069083213806152,
    0.35572412610054016,
    1.8156988620758057,
    0.7425894141197205,
    2.896324634552002,
    4.706811814616185,
    36.47028350830078,
    -1.9486310482025146,
    0.07927729934453964,
    0.06564252078533173,
    0.057081397622823715,
    0.0519968718290329,
    0.054870497435331345,
    0.051752422004938126,
    0.052773673087358475,
    0.05357763543725014,
    0.060525402426719666,
    0.058662161231040955,
    0.06289926916360855,
    0.05996588617563248,
    0.06898874789476395,
    0.07287275791168213,
    0.07477401942014694,
    0.07433944940567017
  ]
}