{
  "image_path": "Textures\\Im13.jpg",
  "image_name": "Im13.jpg",
  "shape_features": {
    "fourier_descriptors": [
      0.0,
      1.0,
      0.4767101964926698,
      1.35516294289598,
      0.7444290829694663,
      0.16001087962787008,
      0.8723341542938157,
      0.9032332183806052,
      1.3538637354545697,
      0.234444223764249,
      0.689688421356445,
      0.3071685388807274,
      0.262315302585017,
      0.3064447151401651,
      0.24280318573802254,
      0.5374103475107976,
      0.32685325460168524,
      0.08109960959895059,
      0.32368662844930585,
      0.3028205719952156
    ],
    "direction_histogram": [
      0.10883815586566925,
      0.14042721688747406,
      0.16563065350055695,
      0.08917269110679626,
      0.10075723379850388,
      0.14014466106891632,
      0.17416365444660187,
      0.08086573332548141
    ],
    "combined": [
      0.0,
      1.0,
      0.4767101964926698,
      1.35516294289598,
      0.7444290829694663,
      0.16001087962787008,
      0.8723341542938157,
      0.9032332183806052,
      1.3538637354545697,
      0.234444223764249,
      0.689688421356445,
      0.3071685388807274,
      0.262315302585017,
      0.3064447151401651,
      0.24280318573802254,
      0.5374103475107976,
      0.32685325460168524,
      0.08109960959895059,
      0.32368662844930585,
      0.3028205719952156,
      0.10883815586566925,
      0.14042721688747406,
      0.16563065350055695,
      0.08917269110679626,
      0.10075723379850388,
      0.14014466106891632,
      0.17416365444660187,
      0.08086573332548141
    ]
  },
  "texture_features": {
    "gabor_features": [
      0.11943824589252472,
      0.5458138585090637,
      0.46540898084640503,
      1.2992005348205566,
      0.7890608906745911,
      2.2493011951446533,
      0.1614401936531067,
      0.3868393898010254,
      0.4217342734336853,
      1.017160415649414,
      0.880494236946106,
      1.6001904010772705,
      0.11931536346673965,
      0.3399637043476105,
      0.4659786522388458,
      1.0276426076889038,
      0.7895968556404114,
      1.6776922941207886,
      0.16138646006584167,
      0.4895290732383728,
      0.42159754037857056,
      1.4205925464630127,
      0.8799763321876526,
      2.4455416202545166
    ],
    "tamura_coarseness": 3.01117963314358,
    "tamura_contrast": 21.169843673706055,
    "tamura_directionality": -2.0087249279022217,
    "tamura_direction_histogram": [
      0.07735981792211533,
      0.06334838271141052,
      0.05585314333438873,
      0.047057878226041794,
      0.04787641763687134,
      0.045268330723047256,
      0.045352593064308167,
      0.044168923050165176,
      0.05679606646299362,
      0.0587741993367672,
      0.06522620469331741,
      0.06753335148096085,
      0.08005617558956146,
      0.08246363699436188,
      0.08553314954042435,
      0.07733172923326492
    ],
    "combined": [
      0.11943824589252472,
      0.5458138585090637,
      0.46540898084640503,
      1.2992005348205566,
      0.7890608906745911,
      2.2493011951446533,
      0.1614401936531067,
      0.3868393898010254,
      0.4217342734336853,
      1.017160415649414,
      0.880494236946106,
      1.6001904010772705,
      0.11931536346673965,
      0.3399637043476105,
      0.4659786522388458,
      1.0276426076889038,
      0.7895968556404114,
      1.6776922941207886,
      0.16138646006584167,
      0.4895290732383728,
      0.42159754037857056,
      1.4205925464630127,
      0.8799763321876526,
      2.4455416202545166,
      3.01117963314358,
      21.169843673706055,
      -2.0087249279022217,
      0.07735981792211533,
      0.06334838271141052,
      0.05585314333438873,
      0.047057878226041794,
      0.04787641763687134,
      0.045268330723047256,
      0.045352593064308167,
      0.044168923050165176,
      0.05679606646299362,
      0.0587741993367672,
      0.06522620469331741,
      0.06753335148096085,
      0.08005617558956146,
      0.08246363699436188,
      0.08553314954042435,
      0.07733172923326492
    ]
  },
  "combined_feature_vector": [
    0.0,
    1.0,
    0.4767101964926698,
    1.35516294289598,
    0.7444290829694663,
    0.16001087962787008,
    0.8723341542938157,
    0.9032332183806052,
    1.3538637354545697,
    0.234444223764249,
    0.689688421356445,
    0.3071685388807274,
    0.262315302585017,
    0.3064447151401651,
    0.24280318573802254,
    0.5374103475107976,
    0.32685325460168524,
    0.08109960959895059,
    0.32368662844930585,
    0.3028205719952156,
    0.10883815586566925,
    0.14042721688747406,
    0.16563065350055695,
    0.08917269110679626,
    0.10075723379850388,
    0.14014466106891632,
    0.17416365444660187,
    0.08086573332548141,
    0.11943824589252472,
    0.5458138585090637,
    0.46540898084640503,
    1.2992005348205566,
    0.7890608906745911,
    2.2493011951446533,
    0.1614401936531067,
    0.3868393898010254,
    0.4217342734336853,
    1.017160415649414,
    0.880494236946106,
    1.6001904010772705,
    0.11931536346673965,
    0.3399637043476105,
    0.4659786522388458,
    1.0276426076889038,
    0.7895968556404114,
    1.6776922941207886,
    0.16138646006584167,
    0.4895290732383728,
    0.42159754037857056,
    1.4205925464630127,
    0.8799763321876526,
    2.4455416202545166,
    3.01117963314358,
    21.169843673706055,
    -2.0087249279022217,
    0.07735981792211533,
    0.06334838271141052,
    0.05585314333438873,
    0.047057878226041794,
    0.04787641763687134,
    0.045268330723047256,
    0.045352593064308167,
    0.044168923050165176,
    0.05679606646299362,
    0.0587741993367672,
    0.06522620469331741,
    0.06753335148096085,
    0.08005617558956146,
    0.08246363699436188,
    0.08553314954042435,
    0.07733172923326492
  ]
}