{
  "image_path": "Textures\\Im14.jpg",
  "image_name": "Im14.jpg",
  "shape_features": {
    "fourier_descriptors": [
      0.0,
      1.0,
      0.5355192429118227,
      0.3439463107491985,
      0.32257376690548933,
      0.4907591348112172,
      0.25412808507996765,
      0.23063524032384394,
      0.16404952643224638,
      0.1144694801374251,
      0.02280942990273836,
      0.12457856642352995,
      0.07746669651560895,
      0.1099450598983593,
      0.05380378232228231,
      0.010933543184650715,
      0.07396677702056606,
      0.11055463720372347,
      0.07366819987734728,
      0.1051421337437697
    ],
    "direction_histogram": [
      0.1341732293367386,
      0.11527559161186218,
      0.1521259844303131,
      0.07433070987462997,
      0.18236219882965088,
      0.08566929399967194,
      0.16283464431762695,
      0.09322834759950638
    ],
    "combined": [
      0.0,
      1.0,
      0.5355192429118227,
      0.3439463107491985,
      0.32257376690548933,
      0.4907591348112172,
      0.25412808507996765,
      0.23063524032384394,
      0.16404952643224638,
      0.1144694801374251,
      0.02280942990273836,
      0.12457856642352995,
      0.07746669651560895,
      0.1099450598983593,
      0.05380378232228231,
      0.010933543184650715,
      0.07396677702056606,
      0.11055463720372347,
      0.07366819987734728,
      0.1051421337437697,
      0.1341732293367386,
      0.11527559161186218,
      0.1521259844303131,
      0.07433070987462997,
      0.18236219882965088,
      0.08566929399967194,
      0.16283464431762695,
      0.09322834759950638
    ]
  },
  "texture_features": {
    "gabor_features": [
      0.17160658538341522,
      0.9616312384605408,
      0.6628109812736511,
      2.271219491958618,
      1.120024561882019,
      3.1902010440826416,
      0.23018211126327515,
      0.7097748517990112,
      0.6011534929275513,
      1.6636905670166016,
      1.2554625272750854,
      2.4798851013183594,
      0.16927653551101685,
      0.6733325719833374,
      0.6638160347938538,
      1.6848562955856323,
      1.1253433227539062,
      2.578533411026001,
      0.23043468594551086,
      0.8460422158241272,
      0.6019529104232788,
      2.047078847885132,
      1.257183313369751,
      3.091852903366089
    ],
    "tamura_coarseness": 5.19430424737871,
    "tamura_contrast": 47.87412643432617,
    "tamura_directionality": -1.9634616374969482,
    "tamura_direction_histogram": [
      0.08085637539625168,
      0.0638151466846466,
      0.054702628403902054,
      0.045865412801504135,
      0.04926081374287605,
      0.04898551106452942,
      0.0511145181953907,
      0.050013307482004166,
      0.06255792826414108,
      0.06010773405432701,
      0.06502647697925568,
      0.06567802280187607,
      0.07168880105018616,
      0.07586421817541122,
      0.07705719769001007,
      0.0774059146642685
    ],
    "combined": [
      0.17160658538341522,
      0.9616312384605408,
      0.6628109812736511,
      2.271219491958618,
      1.120024561882019,
      3.1902010440826416,
      0.23018211126327515,
      0.7097748517990112,
      0.6011534929275513,
      1.6636905670166016,
      1.2554625272750854,
      2.4798851013183594,
      0.16927653551101685,
      0.6733325719833374,
      0.6638160347938538,
      1.6848562955856323,
      1.1253433227539062,
      2.578533411026001,
      0.23043468594551086,
      0.8460422158241272,
      0.6019529104232788,
      2.047078847885132,
      1.257183313369751,
      3.091852903366089,
      5.19430424737871,
      47.87412643432617,
      -1.9634616374969482,
      0.08085637539625168,
      0.0638151466846466,
      0.054702628403902054,
      0.045865412801504135,
      0.04926081374287605,
      0.04898551106452942,
      0.0511145181953907,
      0.050013307482004166,
      0.06255792826414108,
      0.06010773405432701,
      0.06502647697925568,
      0.06567802280187607,
      0.07168880105018616,
      0.07586421817541122,
      0.07705719769001007,
      0.0774059146642685
    ]
  },
  "combined_feature_vector": [
    0.0,
    1.0,
    0.5355192429118227,
    0.3439463107491985,
    0.32257376690548933,
    0.4907591348112172,
    0.25412808507996765,
    0.23063524032384394,
    0.16404952643224638,
    0.1144694801374251,
    0.02280942990273836,
    0.12457856642352995,
    0.07746669651560895,
    0.1099450598983593,
    0.05380378232228231,
    0.010933543184650715,
    0.07396677702056606,
    0.11055463720372347,
    0.07366819987734728,
    0.1051421337437697,
    0.1341732293367386,
    0.11527559161186218,
    0.1521259844303131,
    0.07433070987462997,
    0.18236219882965088,
    0.08566929399967194,
    0.16283464431762695,
    0.09322834759950638,
    0.17160658538341522,
    0.9616312384605408,
    0.6628109812736511,
    2.271219491958618,
    1.120024561882019,
    3.1902010440826416,
    0.23018211126327515,
    0.7097748517990112,
    0.6011534929275513,
    1.6636905670166016,
    1.2554625272750854,
    2.4798851013183594,
    0.16927653551101685,
    0.6733325719833374,
    0.6638160347938538,
    1.6848562955856323,
    1.1253433227539062,
    2.578533411026001,
    0.23043468594551086,
    0.8460422158241272,
    0.6019529104232788,
    2.047078847885132,
    1.257183313369751,
    3.091852903366089,
    5.19430424737871,
    47.87412643432617,
    -1.9634616374969482,
    0.08085637539625168,
    0.0638151466846466,
    0.054702628403902054,
    0.045865412801504135,
    0.04926081374287605,
    0.04898551106452942,
    0.0511145181953907,
    0.050013307482004166,
    0.06255792826414108,
    0.06010773405432701,
    0.06502647697925568,
    0.06567802280187607,
    0.07168880105018616,
    0.07586421817541122,
    0.07705719769001007,
    0.0774059146642685
  ]
}