{
  "image_path": "Textures\\Im15.jpg",
  "image_name": "Im15.jpg",
  "shape_features": {
    "fourier_descriptors": [
      0.0,
      1.0,
      0.2770098728169841,
      0.8682425187311849,
      0.8302461792870376,
      0.25300992703814174,
      0.2546172038510667,
      0.16296784726042318,
      0.17419010006161503,
      0.12706667883853595,
      0.11222357879423533,
      0.13326287248175583,
      0.19474448861271257,
      0.0725840258596812,
      0.055152797536714815,
      0.08864177034723102,
      0.052578812955178196,
      0.09813621054218537,
      0.09354316080897221,
      0.03743929635492457
    ],
    "direction_histogram": [
      0.1616038829088211,
      0.09113001078367233,
      0.1574726551771164,
      0.08383961021900177,
      0.1735115498304367,
      0.0906439870595932,
      0.14629404246807098,
      0.09550425410270691
    ],
    "combined": [
      0.0,
      1.0,
      0.2770098728169841,
      0.8682425187311849,
      0.8302461792870376,
      0.25300992703814174,
      0.2546172038510667,
      0.16296784726042318,
      0.17419010006161503,
      0.12706667883853595,
      0.11222357879423533,
      0.13326287248175583,
      0.19474448861271257,
      0.0725840258596812,
      0.055152797536714815,
      0.08864177034723102,
      0.052578812955178196,
      0.09813621054218537,
      0.09354316080897221,
      0.03743929635492457,
      0.1616038829088211,
      0.09113001078367233,
      0.1574726551771164,
      0.08383961021900177,
      0.1735115498304367,
      0.0906439870595932,
      0.14629404246807098,
      0.09550425410270691
    ]
  },
  "texture_features": {
    "gabor_features": [
      0.15612703561782837,
      0.5965819358825684,
      0.6071495413780212,
      1.3466821908950806,
      1.029813528060913,
      2.054795742034912,
      0.21071794629096985,
      0.6706933379173279,
      0.5504463911056519,
      1.4541844129562378,
      1.1493382453918457,
      2.2538461685180664,
      0.155633807182312,
      0.6404354572296143,
      0.607990562915802,
      1.3894171714782715,
      1.0288230180740356,
      2.1689035892486572,
      0.2105848491191864,
      0.6248196363449097,
      0.55007404088974,
      1.3863986730575562,
      1.1483749151229858,
      2.2186880111694336
    ],
    "tamura_coarseness": 5.867804580065917,
    "tamura_contrast": 35.13508987426758,
    "tamura_directionality": -1.6173169612884521,
    "tamura_direction_histogram": [
      0.06929479539394379,
      0.062116559594869614,
      0.06148919090628624,
      0.056258708238601685,
      0.06399136036634445,
      0.06443635374307632,
      0.06716466695070267,
      0.0665300041437149,
      0.07416782528162003,
      0.06627468764781952,
      0.061883121728897095,
      0.0550842210650444,
      0.05972381308674812,
      0.055310364812612534,
      0.05866604298353195,
      0.05760827660560608
    ],
    "combined": [
      0.15612703561782837,
      0.5965819358825684,
      0.6071495413780212,
      1.3466821908950806,
      1.029813528060913,
      2.054795742034912,
      0.21071794629096985,
      0.6706933379173279,
      0.5504463911056519,
      1.4541844129562378,
      1.1493382453918457,
      2.2538461685180664,
      0.155633807182312,
      0.6404354572296143,
      0.607990562915802,
      1.3894171714782715,
      1.0288230180740356,
      2.1689035892486572,
      0.2105848491191864,
      0.6248196363449097,
      0.55007404088974,
      1.3863986730575562,
      1.1483749151229858,
      2.2186880111694336,
      5.867804580065917,
      35.13508987426758,
      -1.6173169612884521,
      0.06929479539394379,
      0.062116559594869614,
      0.06148919090628624,
      0.056258708238601685,
      0.06399136036634445,
      0.06443635374307632,
      0.06716466695070267,
      0.0665300041437149,
      0.07416782528162003,
      0.06627468764781952,
      0.061883121728897095,
      0.0550842210650444,
      0.05972381308674812,
      0.055310364812612534,
      0.05866604298353195,
      0.05760827660560608
    ]
  },
  "combined_feature_vector": [
    0.0,
    1.0,
    0.2770098728169841,
    0.8682425187311849,
    0.8302461792870376,
    0.25300992703814174,
    0.2546172038510667,
    0.16296784726042318,
    0.17419010006161503,
    0.12706667883853595,
    0.11222357879423533,
    0.13326287248175583,
    0.19474448861271257,
    0.0725840258596812,
    0.055152797536714815,
    0.08864177034723102,
    0.052578812955178196,
    0.09813621054218537,
    0.09354316080897221,
    0.03743929635492457,
    0.1616038829088211,
    0.09113001078367233,
    0.1574726551771164,
    0.08383961021900177,
    0.1735115498304367,
    0.0906439870595932,
    0.14629404246807098,
    0.09550425410270691,
    0.15612703561782837,
    0.5965819358825684,
    0.6071495413780212,
    1.3466821908950806,
    1.029813528060913,
    2.054795742034912,
    0.21071794629096985,
    0.6706933379173279,
    0.5504463911056519,
    1.4541844129562378,
    1.1493382453918457,
    2.2538461685180664,
    0.155633807182312,
    0.6404354572296143,
    0.607990562915802,
    1.3894171714782715,
    1.0288230180740356,
    2.1689035892486572,
    0.2105848491191864,
    0.6248196363449097,
    0.55007404088974,
    1.3863986730575562,
    1.1483749151229858,
    2.2186880111694336,
    5.867804580065917,
    35.13508987426758,
    -1.6173169612884521,
    0.06929479539394379,
    0.062116559594869614,
    0.06148919090628624,
    0.056258708238601685,
    0.06399136036634445,
    0.06443635374307632,
    0.06716466695070267,
    0.0665300041437149,
    0.07416782528162003,
    0.06627468764781952,
    0.061883121728897095,
    0.0550842210650444,
    0.05972381308674812,
    0.055310364812612534,
    0.05866604298353195,
    0.05760827660560608
  ]
}