{
  "image_path": "Textures\\Im16.jpg",
  "image_name": "Im16.jpg",
  "shape_features": {
    "fourier_descriptors": [
      0.0,
      1.0,
      4.2594760836866904e-15,
      13.880714639798207,
      9.772125907871977e-16,
      0.19995713310650165,
      4.7843640193504965e-15,
      2.546431073162836,
      6.7481544313902575e-15,
      0.11103173663569521,
      1.848418795234956e-15,
      1.0289494533826833,
      8.88549703636888e-16,
      0.07680769843189841,
      5.7685643123628995e-15,
      0.5515996330622563,
      2.8599094314977665e-15,
      0.058672312298965454,
      1.5785982581437048e-15,
      0.34237261706541305
    ],
    "direction_histogram": [
      0.25273123383522034,
      0.0,
      0.2476329207420349,
      0.0,
      0.25200292468070984,
      0.0,
      0.2476329207420349,
      0.0
    ],
    "combined": [
      0.0,
      1.0,
      4.2594760836866904e-15,
      13.880714639798207,
      9.772125907871977e-16,
      0.19995713310650165,
      4.7843640193504965e-15,
      2.546431073162836,
      6.7481544313902575e-15,
      0.11103173663569521,
      1.848418795234956e-15,
      1.0289494533826833,
      8.88549703636888e-16,
      0.07680769843189841,
      5.7685643123628995e-15,
      0.5515996330622563,
      2.8599094314977665e-15,
      0.058672312298965454,
      1.5785982581437048e-15,
      0.34237261706541305,
      0.25273123383522034,
      0.0,
      0.2476329207420349,
      0.0,
      0.25200292468070984,
      0.0,
      0.2476329207420349,
      0.0
    ]
  },
  "texture_features": {
    "gabor_features": [
      0.23234602808952332,
      0.3270297050476074,
      0.9054695963859558,
      1.0162385702133179,
      1.5358411073684692,
      1.375772476196289,
      0.3139851689338684,
      0.038182832300662994,
      0.8203560709953308,
      0.0870387926697731,
      1.7126723527908325,
      0.16330674290657043,
      0.23206518590450287,
      0.029614819213747978,
      0.9057183265686035,
      0.07514060288667679,
      1.5352314710617065,
      0.12296212464570999,
      0.31399795413017273,
      0.037139471620321274,
      0.8203717470169067,
      0.08469720929861069,
      1.712735891342163,
      0.1612069457769394
    ],
    "tamura_coarseness": 8.732531095156235,
    "tamura_contrast": 13.615817070007324,
    "tamura_directionality": -3.981801986694336,
    "tamura_direction_histogram": [
      0.40245673060417175,
      0.08241362124681473,
      0.04693442955613136,
      0.010822799988090992,
      0.03173797205090523,
      0.01887531951069832,
      0.016675129532814026,
      0.005380223039537668,
      0.02577875182032585,
      0.01573982462286949,
      0.019142549484968185,
      0.006360065191984177,
      0.03623633831739426,
      0.04717493802309036,
      0.0806766226887703,
      0.15359468758106232
    ],
    "combined": [
      0.23234602808952332,
      0.3270297050476074,
      0.9054695963859558,
      1.0162385702133179,
      1.5358411073684692,
      1.375772476196289,
      0.3139851689338684,
      0.038182832300662994,
      0.8203560709953308,
      0.0870387926697731,
      1.7126723527908325,
      0.16330674290657043,
      0.23206518590450287,
      0.029614819213747978,
      0.9057183265686035,
      0.07514060288667679,
      1.5352314710617065,
      0.12296212464570999,
      0.31399795413017273,
      0.037139471620321274,
      0.8203717470169067,
      0.08469720929861069,
      1.712735891342163,
      0.1612069457769394,
      8.732531095156235,
      13.615817070007324,
      -3.981801986694336,
      0.40245673060417175,
      0.08241362124681473,
      0.04693442955613136,
      0.010822799988090992,
      0.03173797205090523,
      0.01887531951069832,
      0.016675129532814026,
      0.005380223039537668,
      0.02577875182032585,
      0.01573982462286949,
      0.019142549484968185,
      0.006360065191984177,
      0.03623633831739426,
      0.04717493802309036,
      0.0806766226887703,
      0.15359468758106232
    ]
  },
  "combined_feature_vector": [
    0.0,
    1.0,
    4.2594760836866904e-15,
    13.880714639798207,
    9.772125907871977e-16,
    0.19995713310650165,
    4.7843640193504965e-15,
    2.546431073162836,
    6.7481544313902575e-15,
    0.11103173663569521,
    1.848418795234956e-15,
    1.0289494533826833,
    8.88549703636888e-16,
    0.07680769843189841,
    5.7685643123628995e-15,
    0.5515996330622563,
    2.8599094314977665e-15,
    0.058672312298965454,
    1.5785982581437048e-15,
    0.34237261706541305,
    0.25273123383522034,
    0.0,
    0.2476329207420349,
    0.0,
    0.25200292468070984,
    0.0,
    0.2476329207420349,
    0.0,
    0.23234602808952332,
    0.3270297050476074,
    0.9054695963859558,
    1.0162385702133179,
    1.5358411073684692,
    1.375772476196289,
    0.3139851689338684,
    0.038182832300662994,
    0.8203560709953308,
    0.0870387926697731,
    1.7126723527908325,
    0.16330674290657043,
    0.23206518590450287,
    0.029614819213747978,
    0.9057183265686035,
    0.07514060288667679,
    1.5352314710617065,
    0.12296212464570999,
    0.31399795413017273,
    0.037139471620321274,
    0.8203717470169067,
    0.08469720929861069,
    1.712735891342163,
    0.1612069457769394,
    8.732531095156235,
    13.615817070007324,
    -3.981801986694336,
    0.40245673060417175,
    0.08241362124681473,
    0.04693442955613136,
    0.010822799988090992,
    0.03173797205090523,
    0.01887531951069832,
    0.016675129532814026,
    0.005380223039537668,
    0.02577875182032585,
    0.01573982462286949,
    0.019142549484968185,
    0.006360065191984177,
    0.03623633831739426,
    0.04717493802309036,
    0.0806766226887703,
    0.15359468758106232
  ]
}