{
  "image_path": "Textures\\Im17.jpg",
  "image_name": "Im17.jpg",
  "shape_features": {
    "fourier_descriptors": [
      0.0,
      1.0,
      0.3796028050593796,
      0.9694862121833496,
      0.18091113512438864,
      0.057863836736626546,
      0.1105157057628788,
      0.15642893216588588,
      0.051156153282922515,
      0.008138187298751428,
      0.05180591169386039,
      0.05960520761576813,
      0.04038195996533852,
      0.024714896138130483,
      0.04472778562535045,
      0.048440015297393474,
      0.010933372687071272,
      0.01172392095126359,
      0.022475047730321805,
      0.01868395820998289
    ],
    "direction_histogram": [
      0.19796307384967804,
      0.011457670480012894,
      0.27625715732574463,
      0.018459578976035118,
      0.18968810141086578,
      0.015276893973350525,
      0.27625715732574463,
      0.014640356414020061
    ],
    "combined": [
      0.0,
      1.0,
      0.3796028050593796,
      0.9694862121833496,
      0.18091113512438864,
      0.057863836736626546,
      0.1105157057628788,
      0.15642893216588588,
      0.051156153282922515,
      0.008138187298751428,
      0.05180591169386039,
      0.05960520761576813,
      0.04038195996533852,
      0.024714896138130483,
      0.04472778562535045,
      0.048440015297393474,
      0.010933372687071272,
      0.01172392095126359,
      0.022475047730321805,
      0.01868395820998289,
      0.19796307384967804,
      0.011457670480012894,
      0.27625715732574463,
      0.018459578976035118,
      0.18968810141086578,
      0.015276893973350525,
      0.27625715732574463,
      0.014640356414020061
    ]
  },
  "texture_features": {
    "gabor_features": [
      0.2043200582265854,
      0.5751535296440125,
      0.7969400882720947,
      1.1194019317626953,
      1.3507825136184692,
      1.579455852508545,
      0.27645814418792725,
      0.06688930839300156,
      0.7221892476081848,
      0.17893731594085693,
      1.5078153610229492,
      0.34341979026794434,
      0.20416094362735748,
      0.09944206476211548,
      0.7973297834396362,
      0.25713014602661133,
      1.3511662483215332,
      0.4357408881187439,
      0.276349812746048,
      0.06521232426166534,
      0.721900224685669,
      0.17850999534130096,
      1.507144808769226,
      0.3393784165382385
    ],
    "tamura_coarseness": 11.219461793507595,
    "tamura_contrast": 32.41600036621094,
    "tamura_directionality": -3.4083328247070312,
    "tamura_direction_histogram": [
      0.38801273703575134,
      0.07574029266834259,
      0.05352738872170448,
      0.012893213890492916,
      0.040894221514463425,
      0.025442495942115784,
      0.0248385202139616,
      0.013782400637865067,
      0.041942790150642395,
      0.022632328793406487,
      0.023798339068889618,
      0.008053015917539597,
      0.041942790150642395,
      0.04656488448381424,
      0.06605150550603867,
      0.11388306319713593
    ],
    "combined": [
      0.2043200582265854,
      0.5751535296440125,
      0.7969400882720947,
      1.1194019317626953,
      1.3507825136184692,
      1.579455852508545,
      0.27645814418792725,
      0.06688930839300156,
      0.7221892476081848,
      0.17893731594085693,
      1.5078153610229492,
      0.34341979026794434,
      0.20416094362735748,
      0.09944206476211548,
      0.7973297834396362,
      0.25713014602661133,
      1.3511662483215332,
      0.4357408881187439,
      0.276349812746048,
      0.06521232426166534,
      0.721900224685669,
      0.17850999534130096,
      1.507144808769226,
      0.3393784165382385,
      11.219461793507595,
      32.41600036621094,
      -3.4083328247070312,
      0.38801273703575134,
      0.07574029266834259,
      0.05352738872170448,
      0.012893213890492916,
      0.040894221514463425,
      0.025442495942115784,
      0.0248385202139616,
      0.013782400637865067,
      0.041942790150642395,
      0.022632328793406487,
      0.023798339068889618,
      0.008053015917539597,
      0.041942790150642395,
      0.04656488448381424,
      0.06605150550603867,
      0.11388306319713593
    ]
  },
  "combined_feature_vector": [
    0.0,
    1.0,
    0.3796028050593796,
    0.9694862121833496,
    0.18091113512438864,
    0.057863836736626546,
    0.1105157057628788,
    0.15642893216588588,
    0.051156153282922515,
    0.008138187298751428,
    0.05180591169386039,
    0.05960520761576813,
    0.04038195996533852,
    0.024714896138130483,
    0.04472778562535045,
    0.048440015297393474,
    0.010933372687071272,
    0.01172392095126359,
    0.022475047730321805,
    0.01868395820998289,
    0.19796307384967804,
    0.011457670480012894,
    0.27625715732574463,
    0.018459578976035118,
    0.18968810141086578,
    0.015276893973350525,
    0.27625715732574463,
    0.014640356414020061,
    0.2043200582265854,
    0.5751535296440125,
    0.7969400882720947,
    1.1194019317626953,
    1.3507825136184692,
    1.579455852508545,
    0.27645814418792725,
    0.06688930839300156,
    0.7221892476081848,
    0.17893731594085693,
    1.5078153610229492,
    0.34341979026794434,
    0.20416094362735748,
    0.09944206476211548,
    0.7973297834396362,
    0.25713014602661133,
    1.3511662483215332,
    0.4357408881187439,
    0.276349812746048,
    0.06521232426166534,
    0.721900224685669,
    0.17850999534130096,
    1.507144808769226,
    0.3393784165382385,
    11.219461793507595,
    32.41600036621094,
    -3.4083328247070312,
    0.38801273703575134,
    0.07574029266834259,
    0.05352738872170448,
    0.012893213890492916,
    0.040894221514463425,
    0.025442495942115784,
    0.0248385202139616,
    0.013782400637865067,
    0.041942790150642395,
    0.022632328793406487,
    0.023798339068889618,
    0.008053015917539597,
    0.041942790150642395,
    0.04656488448381424,
    0.06605150550603867,
    0.11388306319713593
  ]
}