{
  "image_path": "Textures\\Im18.jpg",
  "image_name": "Im18.jpg",
  "shape_features": {
    "fourier_descriptors": [
      0.0,
      1.0,
      0.7540518754925619,
      1.7632064325305858,
      0.7564885002661772,
      0.3606854509414641,
      0.12013834639723987,
      0.34905138705530175,
      0.23011065196539723,
      0.24682682282173268,
      0.10444158106330766,
      0.1698878357228483,
      0.12149578236815099,
      0.20280896877563553,
      0.09793141604469822,
      0.056996827216307624,
      0.06948738906020892,
      0.06221953432383406,
      0.13085376387715358,
      0.022933101615919597
    ],
    "direction_histogram": [
      0.23400366306304932,
      0.020109688863158226,
      0.23583181202411652,
      0.013406459242105484,
      0.22730042040348053,
      0.037172455340623856,
      0.20780012011528015,
      0.02437538094818592
    ],
    "combined": [
      0.0,
      1.0,
      0.7540518754925619,
      1.7632064325305858,
      0.7564885002661772,
      0.3606854509414641,
      0.12013834639723987,
      0.34905138705530175,
      0.23011065196539723,
      0.24682682282173268,
      0.10444158106330766,
      0.1698878357228483,
      0.12149578236815099,
      0.20280896877563553,
      0.09793141604469822,
      0.056996827216307624,
      0.06948738906020892,
      0.06221953432383406,
      0.13085376387715358,
      0.022933101615919597,
      0.23400366306304932,
      0.020109688863158226,
      0.23583181202411652,
      0.013406459242105484,
      0.22730042040348053,
      0.037172455340623856,
      0.20780012011528015,
      0.02437538094818592
    ]
  },
  "texture_features": {
    "gabor_features": [
      0.19613291323184967,
      0.319572389125824,
      0.7652167081832886,
      0.7724406719207764,
      1.2965598106384277,
      1.254229187965393,
      0.26538947224617004,
      0.2952654957771301,
      0.6931960582733154,
      0.2621852457523346,
      1.446980595588684,
      0.47321614623069763,
      0.1958356350660324,
      3.6462855339050293,
      0.7658295631408691,
      0.5979510545730591,
      1.2990823984146118,
      0.956400454044342,
      0.2654726505279541,
      0.22739139199256897,
      0.6935440301895142,
      0.2838749587535858,
      1.4473925828933716,
      0.5405274629592896
    ],
    "tamura_coarseness": 6.183118376735398,
    "tamura_contrast": 24.740766525268555,
    "tamura_directionality": -0.2771322727203369,
    "tamura_direction_histogram": [
      0.040595293045043945,
      0.02610762231051922,
      0.023923948407173157,
      0.02177535369992256,
      0.032325394451618195,
      0.041752904653549194,
      0.08371628075838089,
      0.2719244360923767,
      0.21875329315662384,
      0.06873749941587448,
      0.040612831711769104,
      0.025721753016114235,
      0.027300313115119934,
      0.02378363162279129,
      0.02711614780128002,
      0.025853298604488373
    ],
    "combined": [
      0.19613291323184967,
      0.319572389125824,
      0.7652167081832886,
      0.7724406719207764,
      1.2965598106384277,
      1.254229187965393,
      0.26538947224617004,
      0.2952654957771301,
      0.6931960582733154,
      0.2621852457523346,
      1.446980595588684,
      0.47321614623069763,
      0.1958356350660324,
      3.6462855339050293,
      0.7658295631408691,
      0.5979510545730591,
      1.2990823984146118,
      0.956400454044342,
      0.2654726505279541,
      0.22739139199256897,
      0.6935440301895142,
      0.2838749587535858,
      1.4473925828933716,
      0.5405274629592896,
      6.183118376735398,
      24.740766525268555,
      -0.2771322727203369,
      0.040595293045043945,
      0.02610762231051922,
      0.023923948407173157,
      0.02177535369992256,
      0.032325394451618195,
      0.041752904653549194,
      0.08371628075838089,
      0.2719244360923767,
      0.21875329315662384,
      0.06873749941587448,
      0.040612831711769104,
      0.025721753016114235,
      0.027300313115119934,
      0.02378363162279129,
      0.02711614780128002,
      0.025853298604488373
    ]
  },
  "combined_feature_vector": [
    0.0,
    1.0,
    0.7540518754925619,
    1.7632064325305858,
    0.7564885002661772,
    0.3606854509414641,
    0.12013834639723987,
    0.34905138705530175,
    0.23011065196539723,
    0.24682682282173268,
    0.10444158106330766,
    0.1698878357228483,
    0.12149578236815099,
    0.20280896877563553,
    0.09793141604469822,
    0.056996827216307624,
    0.06948738906020892,
    0.06221953432383406,
    0.13085376387715358,
    0.022933101615919597,
    0.23400366306304932,
    0.020109688863158226,
    0.23583181202411652,
    0.013406459242105484,
    0.22730042040348053,
    0.037172455340623856,
    0.20780012011528015,
    0.02437538094818592,
    0.19613291323184967,
    0.319572389125824,
    0.7652167081832886,
    0.7724406719207764,
    1.2965598106384277,
    1.254229187965393,
    0.26538947224617004,
    0.2952654957771301,
    0.6931960582733154,
    0.2621852457523346,
    1.446980595588684,
    0.47321614623069763,
    0.1958356350660324,
    3.6462855339050293,
    0.7658295631408691,
    0.5979510545730591,
    1.2990823984146118,
    0.956400454044342,
    0.2654726505279541,
    0.22739139199256897,
    0.6935440301895142,
    0.2838749587535858,
    1.4473925828933716,
    0.5405274629592896,
    6.183118376735398,
    24.740766525268555,
    -0.2771322727203369,
    0.040595293045043945,
    0.02610762231051922,
    0.023923948407173157,
    0.02177535369992256,
    0.032325394451618195,
    0.041752904653549194,
    0.08371628075838089,
    0.2719244360923767,
    0.21875329315662384,
    0.06873749941587448,
    0.040612831711769104,
    0.025721753016114235,
    0.027300313115119934,
    0.02378363162279129,
    0.02711614780128002,
    0.025853298604488373
  ]
}