{
  "image_path": "Textures\\Im19.jpg",
  "image_name": "Im19.jpg",
  "shape_features": {
    "fourier_descriptors": [
      0.0,
      1.0,
      0.46849415793978,
      0.4532774878906814,
      0.23843738929011715,
      0.11213683453718058,
      0.016042212884383865,
      0.114852187047545,
      0.13362566384614882,
      0.0939979578615082,
      0.08422016930328591,
      0.0456150502635888,
      0.030681536565693147,
      0.03939020045798132,
      0.05374465217834839,
      0.05995089203088738,
      0.02460275618919871,
      0.022687432293528553,
      0.053854032113300226,
      0.026191821944540332
    ],
    "direction_histogram": [
      0.10429184883832932,
      0.030042918398976326,
      0.2609442174434662,
      0.07038626819849014,
      0.17296136915683746,
      0.013304720632731915,
      0.22532188892364502,
      0.1227467805147171
    ],
    "combined": [
      0.0,
      1.0,
      0.46849415793978,
      0.4532774878906814,
      0.23843738929011715,
      0.11213683453718058,
      0.016042212884383865,
      0.114852187047545,
      0.13362566384614882,
      0.0939979578615082,
      0.08422016930328591,
      0.0456150502635888,
      0.030681536565693147,
      0.03939020045798132,
      0.05374465217834839,
      0.05995089203088738,
      0.02460275618919871,
      0.022687432293528553,
      0.053854032113300226,
      0.026191821944540332,
      0.10429184883832932,
      0.030042918398976326,
      0.2609442174434662,
      0.07038626819849014,
      0.17296136915683746,
      0.013304720632731915,
      0.22532188892364502,
      0.1227467805147171
    ]
  },
  "texture_features": {
    "gabor_features": [
      0.18994270265102386,
      0.2972000241279602,
      0.7413523197174072,
      0.829349935054779,
      1.256795048713684,
      1.3537713289260864,
      0.2569578289985657,
      0.25428929924964905,
      0.6712275743484497,
      0.6205262541770935,
      1.401141881942749,
      1.0203330516815186,
      0.19039294123649597,
      0.287025511264801,
      0.7435051202774048,
      0.6623486280441284,
      1.2589747905731201,
      1.176627278327942,
      0.25700345635414124,
      0.12481288611888885,
      0.6713542938232422,
      0.2224334478378296,
      1.401216983795166,
      0.4205465614795685
    ],
    "tamura_coarseness": 11.882877993538047,
    "tamura_contrast": 28.36460304260254,
    "tamura_directionality": -2.1733715534210205,
    "tamura_direction_histogram": [
      0.16528767347335815,
      0.08024520426988602,
      0.07364233583211899,
      0.0339517742395401,
      0.06557624042034149,
      0.05543962121009827,
      0.04778110980987549,
      0.03757927566766739,
      0.09495899826288223,
      0.0432283952832222,
      0.04718196019530296,
      0.021707940846681595,
      0.05763242393732071,
      0.05868806689977646,
      0.06124361976981163,
      0.05585535615682602
    ],
    "combined": [
      0.18994270265102386,
      0.2972000241279602,
      0.7413523197174072,
      0.829349935054779,
      1.256795048713684,
      1.3537713289260864,
      0.2569578289985657,
      0.25428929924964905,
      0.6712275743484497,
      0.6205262541770935,
      1.401141881942749,
      1.0203330516815186,
      0.19039294123649597,
      0.287025511264801,
      0.7435051202774048,
      0.6623486280441284,
      1.2589747905731201,
      1.176627278327942,
      0.25700345635414124,
      0.12481288611888885,
      0.6713542938232422,
      0.2224334478378296,
      1.401216983795166,
      0.4205465614795685,
      11.882877993538047,
      28.36460304260254,
      -2.1733715534210205,
      0.16528767347335815,
      0.08024520426988602,
      0.07364233583211899,
      0.0339517742395401,
      0.06557624042034149,
      0.05543962121009827,
      0.04778110980987549,
      0.03757927566766739,
      0.09495899826288223,
      0.0432283952832222,
      0.04718196019530296,
      0.021707940846681595,
      0.05763242393732071,
      0.05868806689977646,
      0.06124361976981163,
      0.05585535615682602
    ]
  },
  "combined_feature_vector": [
    0.0,
    1.0,
    0.46849415793978,
    0.4532774878906814,
    0.23843738929011715,
    0.11213683453718058,
    0.016042212884383865,
    0.114852187047545,
    0.13362566384614882,
    0.0939979578615082,
    0.08422016930328591,
    0.0456150502635888,
    0.030681536565693147,
    0.03939020045798132,
    0.05374465217834839,
    0.05995089203088738,
    0.02460275618919871,
    0.022687432293528553,
    0.053854032113300226,
    0.026191821944540332,
    0.10429184883832932,
    0.030042918398976326,
    0.2609442174434662,
    0.07038626819849014,
    0.17296136915683746,
    0.013304720632731915,
    0.22532188892364502,
    0.1227467805147171,
    0.18994270265102386,
    0.2972000241279602,
    0.7413523197174072,
    0.829349935054779,
    1.256795048713684,
    1.3537713289260864,
    0.2569578289985657,
    0.25428929924964905,
    0.6712275743484497,
    0.6205262541770935,
    1.401141881942749,
    1.0203330516815186,
    0.19039294123649597,
    0.287025511264801,
    0.7435051202774048,
    0.6623486280441284,
    1.2589747905731201,
    1.176627278327942,
    0.25700345635414124,
    0.12481288611888885,
    0.6713542938232422,
    0.2224334478378296,
    1.401216983795166,
    0.4205465614795685,
    11.882877993538047,
    28.36460304260254,
    -2.1733715534210205,
    0.16528767347335815,
    0.08024520426988602,
    0.07364233583211899,
    0.0339517742395401,
    0.06557624042034149,
    0.05543962121009827,
    0.04778110980987549,
    0.03757927566766739,
    0.09495899826288223,
    0.0432283952832222,
    0.04718196019530296,
    0.021707940846681595,
    0.05763242393732071,
    0.05868806689977646,
    0.06124361976981163,
    0.05585535615682602
  ]
}