{
  "image_path": "Textures\\Im20.jpg",
  "image_name": "Im20.jpg",
  "shape_features": {
    "fourier_descriptors": [
      0.0,
      0.0,
      0.0,
      40554.92151655908,
      0.0,
      0.0,
      0.0,
      7449.247973008189,
      0.0,
      0.0,
      0.0,
      3016.9181510299563,
      0.0,
      0.0,
      0.0,
      1622.6494910762053,
      0.0,
      0.0,
      0.0,
      1011.5243092201472
    ],
    "direction_histogram": [
      0.2501567304134369,
      0.0,
      0.2501567304134369,
      0.0,
      0.24952977895736694,
      0.0,
      0.2501567304134369,
      0.0
    ],
    "combined": [
      0.0,
      0.0,
      0.0,
      40554.92151655908,
      0.0,
      0.0,
      0.0,
      7449.247973008189,
      0.0,
      0.0,
      0.0,
      3016.9181510299563,
      0.0,
      0.0,
      0.0,
      1622.6494910762053,
      0.0,
      0.0,
      0.0,
      1011.5243092201472,
      0.2501567304134369,
      0.0,
      0.2501567304134369,
      0.0,
      0.24952977895736694,
      0.0,
      0.2501567304134369,
      0.0
    ]
  },
  "texture_features": {
    "gabor_features": [
      0.19877324998378754,
      0.19826734066009521,
      0.7741708755493164,
      0.38283389806747437,
      1.3118053674697876,
      0.7090977430343628,
      0.2681278884410858,
      0.1434464156627655,
      0.7004629373550415,
      0.1705537736415863,
      1.46217679977417,
      0.2265135645866394,
      0.1987241506576538,
      0.13984385132789612,
      0.7740418910980225,
      0.18504393100738525,
      1.3114686012268066,
      0.2042279690504074,
      0.2681378424167633,
      0.13129915297031403,
      0.7004867196083069,
      0.16415081918239594,
      1.4622443914413452,
      0.21145328879356384
    ],
    "tamura_coarseness": 10.220325,
    "tamura_contrast": 14.40178394317627,
    "tamura_directionality": -2.3636937141418457,
    "tamura_direction_histogram": [
      0.12069107592105865,
      0.09097547084093094,
      0.07359056919813156,
      0.0425923690199852,
      0.06583784520626068,
      0.05065621808171272,
      0.05051018297672272,
      0.03303638845682144,
      0.05626281723380089,
      0.04725289344787598,
      0.048040229827165604,
      0.032287150621414185,
      0.065094955265522,
      0.06529179215431213,
      0.08354657143354416,
      0.07433345913887024
    ],
    "combined": [
      0.19877324998378754,
      0.19826734066009521,
      0.7741708755493164,
      0.38283389806747437,
      1.3118053674697876,
      0.7090977430343628,
      0.2681278884410858,
      0.1434464156627655,
      0.7004629373550415,
      0.1705537736415863,
      1.46217679977417,
      0.2265135645866394,
      0.1987241506576538,
      0.13984385132789612,
      0.7740418910980225,
      0.18504393100738525,
      1.3114686012268066,
      0.2042279690504074,
      0.2681378424167633,
      0.13129915297031403,
      0.7004867196083069,
      0.16415081918239594,
      1.4622443914413452,
      0.21145328879356384,
      10.220325,
      14.40178394317627,
      -2.3636937141418457,
      0.12069107592105865,
      0.09097547084093094,
      0.07359056919813156,
      0.0425923690199852,
      0.06583784520626068,
      0.05065621808171272,
      0.05051018297672272,
      0.03303638845682144,
      0.05626281723380089,
      0.04725289344787598,
      0.048040229827165604,
      0.032287150621414185,
      0.065094955265522,
      0.06529179215431213,
      0.08354657143354416,
      0.07433345913887024
    ]
  },
  "combined_feature_vector": [
    0.0,
    0.0,
    0.0,
    40554.92151655908,
    0.0,
    0.0,
    0.0,
    7449.247973008189,
    0.0,
    0.0,
    0.0,
    3016.9181510299563,
    0.0,
    0.0,
    0.0,
    1622.6494910762053,
    0.0,
    0.0,
    0.0,
    1011.5243092201472,
    0.2501567304134369,
    0.0,
    0.2501567304134369,
    0.0,
    0.24952977895736694,
    0.0,
    0.2501567304134369,
    0.0,
    0.19877324998378754,
    0.19826734066009521,
    0.7741708755493164,
    0.38283389806747437,
    1.3118053674697876,
    0.7090977430343628,
    0.2681278884410858,
    0.1434464156627655,
    0.7004629373550415,
    0.1705537736415863,
    1.46217679977417,
    0.2265135645866394,
    0.1987241506576538,
    0.13984385132789612,
    0.7740418910980225,
    0.18504393100738525,
    1.3114686012268066,
    0.2042279690504074,
    0.2681378424167633,
    0.13129915297031403,
    0.7004867196083069,
    0.16415081918239594,
    1.4622443914413452,
    0.21145328879356384,
    10.220325,
    14.40178394317627,
    -2.3636937141418457,
    0.12069107592105865,
    0.09097547084093094,
    0.07359056919813156,
    0.0425923690199852,
    0.06583784520626068,
    0.05065621808171272,
    0.05051018297672272,
    0.03303638845682144,
    0.05626281723380089,
    0.04725289344787598,
    0.048040229827165604,
    0.032287150621414185,
    0.065094955265522,
    0.06529179215431213,
    0.08354657143354416,
    0.07433345913887024
  ]
}