{
  "image_path": "Textures\\Im21.jpg",
  "image_name": "Im21.jpg",
  "shape_features": {
    "fourier_descriptors": [
      0.0,
      1.0,
      0.16815091944357632,
      0.1058921641030172,
      0.3177281118963632,
      0.2984637006175466,
      0.432165689409212,
      0.10419098779079806,
      0.059139094836431774,
      0.25475501741751466,
      0.15068156802136823,
      0.17114904501022762,
      0.08452360433803907,
      0.130392331624224,
      0.12688988430340942,
      0.057483503815575515,
      0.0750193966840143,
      0.017565972048546322,
      0.1185383221822807,
      0.13178356518917236
    ],
    "direction_histogram": [
      0.06575793772935867,
      0.017076093703508377,
      0.4062312841415405,
      0.034152187407016754,
      0.019322948530316353,
      0.04044337943196297,
      0.40578189492225647,
      0.01123427227139473
    ],
    "combined": [
      0.0,
      1.0,
      0.16815091944357632,
      0.1058921641030172,
      0.3177281118963632,
      0.2984637006175466,
      0.432165689409212,
      0.10419098779079806,
      0.059139094836431774,
      0.25475501741751466,
      0.15068156802136823,
      0.17114904501022762,
      0.08452360433803907,
      0.130392331624224,
      0.12688988430340942,
      0.057483503815575515,
      0.0750193966840143,
      0.017565972048546322,
      0.1185383221822807,
      0.13178356518917236,
      0.06575793772935867,
      0.017076093703508377,
      0.4062312841415405,
      0.034152187407016754,
      0.019322948530316353,
      0.04044337943196297,
      0.40578189492225647,
      0.01123427227139473
    ]
  },
  "texture_features": {
    "gabor_features": [
      0.17269682884216309,
      1.0306155681610107,
      0.6763318181037903,
      2.1113646030426025,
      1.1416186094284058,
      3.1382439136505127,
      0.2339388132095337,
      0.11380697041749954,
      0.6109240651130676,
      0.26936787366867065,
      1.27576744556427,
      0.48039934039115906,
      0.17288124561309814,
      0.17105738818645477,
      0.6747298836708069,
      0.38569167256355286,
      1.1435390710830688,
      0.6737555861473083,
      0.23397333920001984,
      0.11854123324155807,
      0.6110169291496277,
      0.277731716632843,
      1.2759605646133423,
      0.474080353975296
    ],
    "tamura_coarseness": 9.356022642407975,
    "tamura_contrast": 40.633548736572266,
    "tamura_directionality": -4.560636520385742,
    "tamura_direction_histogram": [
      0.3048509657382965,
      0.07031357288360596,
      0.03467436879873276,
      0.016568893566727638,
      0.020487776026129723,
      0.016009053215384483,
      0.015526637434959412,
      0.01324558537453413,
      0.02046990767121315,
      0.01533605344593525,
      0.016312796622514725,
      0.01303713396191597,
      0.02600875496864319,
      0.039081621915102005,
      0.08793067187070847,
      0.29014620184898376
    ],
    "combined": [
      0.17269682884216309,
      1.0306155681610107,
      0.6763318181037903,
      2.1113646030426025,
      1.1416186094284058,
      3.1382439136505127,
      0.2339388132095337,
      0.11380697041749954,
      0.6109240651130676,
      0.26936787366867065,
      1.27576744556427,
      0.48039934039115906,
      0.17288124561309814,
      0.17105738818645477,
      0.6747298836708069,
      0.38569167256355286,
      1.1435390710830688,
      0.6737555861473083,
      0.23397333920001984,
      0.11854123324155807,
      0.6110169291496277,
      0.277731716632843,
      1.2759605646133423,
      0.474080353975296,
      9.356022642407975,
      40.633548736572266,
      -4.560636520385742,
      0.3048509657382965,
      0.07031357288360596,
      0.03467436879873276,
      0.016568893566727638,
      0.020487776026129723,
      0.016009053215384483,
      0.015526637434959412,
      0.01324558537453413,
      0.02046990767121315,
      0.01533605344593525,
      0.016312796622514725,
      0.01303713396191597,
      0.02600875496864319,
      0.039081621915102005,
      0.08793067187070847,
      0.29014620184898376
    ]
  },
  "combined_feature_vector": [
    0.0,
    1.0,
    0.16815091944357632,
    0.1058921641030172,
    0.3177281118963632,
    0.2984637006175466,
    0.432165689409212,
    0.10419098779079806,
    0.059139094836431774,
    0.25475501741751466,
    0.15068156802136823,
    0.17114904501022762,
    0.08452360433803907,
    0.130392331624224,
    0.12688988430340942,
    0.057483503815575515,
    0.0750193966840143,
    0.017565972048546322,
    0.1185383221822807,
    0.13178356518917236,
    0.06575793772935867,
    0.017076093703508377,
    0.4062312841415405,
    0.034152187407016754,
    0.019322948530316353,
    0.04044337943196297,
    0.40578189492225647,
    0.01123427227139473,
    0.17269682884216309,
    1.0306155681610107,
    0.6763318181037903,
    2.1113646030426025,
    1.1416186094284058,
    3.1382439136505127,
    0.2339388132095337,
    0.11380697041749954,
    0.6109240651130676,
    0.26936787366867065,
    1.27576744556427,
    0.48039934039115906,
    0.17288124561309814,
    0.17105738818645477,
    0.6747298836708069,
    0.38569167256355286,
    1.1435390710830688,
    0.6737555861473083,
    0.23397333920001984,
    0.11854123324155807,
    0.6110169291496277,
    0.277731716632843,
    1.2759605646133423,
    0.474080353975296,
    9.356022642407975,
    40.633548736572266,
    -4.560636520385742,
    0.3048509657382965,
    0.07031357288360596,
    0.03467436879873276,
    0.016568893566727638,
    0.020487776026129723,
    0.016009053215384483,
    0.015526637434959412,
    0.01324558537453413,
    0.02046990767121315,
    0.01533605344593525,
    0.016312796622514725,
    0.01303713396191597,
    0.02600875496864319,
    0.039081621915102005,
    0.08793067187070847,
    0.29014620184898376
  ]
}