{
  "image_path": "Textures\\Im22.jpg",
  "image_name": "Im22.jpg",
  "shape_features": {
    "fourier_descriptors": [
      0.0,
      1.0,
      0.4260631746237235,
      0.223833936771967,
      0.6176741426654301,
      0.17514734920978672,
      0.4566836315469929,
      0.21931554626814453,
      0.08153213719886761,
      0.048148576917944684,
      0.1361197292372786,
      0.14381294187260432,
      0.09109531916973172,
      0.061645429258097045,
      0.08400241737339482,
      0.04901025109944281,
      0.02631032295400067,
      0.008842563928108475,
      0.059414676456445256,
      0.002899172753032356
    ],
    "direction_histogram": [
      0.1621553897857666,
      0.03358396142721176,
      0.2734335958957672,
      0.03934837132692337,
      0.1451127827167511,
      0.04686716943979263,
      0.26365914940834045,
      0.03583959862589836
    ],
    "combined": [
      0.0,
      1.0,
      0.4260631746237235,
      0.223833936771967,
      0.6176741426654301,
      0.17514734920978672,
      0.4566836315469929,
      0.21931554626814453,
      0.08153213719886761,
      0.048148576917944684,
      0.1361197292372786,
      0.14381294187260432,
      0.09109531916973172,
      0.061645429258097045,
      0.08400241737339482,
      0.04901025109944281,
      0.02631032295400067,
      0.008842563928108475,
      0.059414676456445256,
      0.002899172753032356,
      0.1621553897857666,
      0.03358396142721176,
      0.2734335958957672,
      0.03934837132692337,
      0.1451127827167511,
      0.04686716943979263,
      0.26365914940834045,
      0.03583959862589836
    ]
  },
  "texture_features": {
    "gabor_features": [
      0.2000802606344223,
      0.23800957202911377,
      0.7809932827949524,
      0.5532879829406738,
      1.3222957849502563,
      0.9309343099594116,
      0.27075666189193726,
      0.07314129173755646,
      0.7072677612304688,
      0.20061691105365753,
      1.4765983819961548,
      0.3891334533691406,
      0.20014066994190216,
      0.12642759084701538,
      0.780842661857605,
      0.28351765871047974,
      1.3235437870025635,
      0.44742414355278015,
      0.27078530192375183,
      0.07806078344583511,
      0.7073476910591125,
      0.1946629136800766,
      1.4768106937408447,
      0.39813366532325745
    ],
    "tamura_coarseness": 11.70514623584082,
    "tamura_contrast": 36.52955627441406,
    "tamura_directionality": -3.239352226257324,
    "tamura_direction_histogram": [
      0.29946646094322205,
      0.0748799666762352,
      0.051521506160497665,
      0.013475523330271244,
      0.04732125625014305,
      0.033668775111436844,
      0.03402603045105934,
      0.019689088687300682,
      0.06938091665506363,
      0.028319966048002243,
      0.026951046660542488,
      0.009572429582476616,
      0.04584549367427826,
      0.05341128259897232,
      0.08130387961864471,
      0.11116638779640198
    ],
    "combined": [
      0.2000802606344223,
      0.23800957202911377,
      0.7809932827949524,
      0.5532879829406738,
      1.3222957849502563,
      0.9309343099594116,
      0.27075666189193726,
      0.07314129173755646,
      0.7072677612304688,
      0.20061691105365753,
      1.4765983819961548,
      0.3891334533691406,
      0.20014066994190216,
      0.12642759084701538,
      0.780842661857605,
      0.28351765871047974,
      1.3235437870025635,
      0.44742414355278015,
      0.27078530192375183,
      0.07806078344583511,
      0.7073476910591125,
      0.1946629136800766,
      1.4768106937408447,
      0.39813366532325745,
      11.70514623584082,
      36.52955627441406,
      -3.239352226257324,
      0.29946646094322205,
      0.0748799666762352,
      0.051521506160497665,
      0.013475523330271244,
      0.04732125625014305,
      0.033668775111436844,
      0.03402603045105934,
      0.019689088687300682,
      0.06938091665506363,
      0.028319966048002243,
      0.026951046660542488,
      0.009572429582476616,
      0.04584549367427826,
      0.05341128259897232,
      0.08130387961864471,
      0.11116638779640198
    ]
  },
  "combined_feature_vector": [
    0.0,
    1.0,
    0.4260631746237235,
    0.223833936771967,
    0.6176741426654301,
    0.17514734920978672,
    0.4566836315469929,
    0.21931554626814453,
    0.08153213719886761,
    0.048148576917944684,
    0.1361197292372786,
    0.14381294187260432,
    0.09109531916973172,
    0.061645429258097045,
    0.08400241737339482,
    0.04901025109944281,
    0.02631032295400067,
    0.008842563928108475,
    0.059414676456445256,
    0.002899172753032356,
    0.1621553897857666,
    0.03358396142721176,
    0.2734335958957672,
    0.03934837132692337,
    0.1451127827167511,
    0.04686716943979263,
    0.26365914940834045,
    0.03583959862589836,
    0.2000802606344223,
    0.23800957202911377,
    0.7809932827949524,
    0.5532879829406738,
    1.3222957849502563,
    0.9309343099594116,
    0.27075666189193726,
    0.07314129173755646,
    0.7072677612304688,
    0.20061691105365753,
    1.4765983819961548,
    0.3891334533691406,
    0.20014066994190216,
    0.12642759084701538,
    0.780842661857605,
    0.28351765871047974,
    1.3235437870025635,
    0.44742414355278015,
    0.27078530192375183,
    0.07806078344583511,
    0.7073476910591125,
    0.1946629136800766,
    1.4768106937408447,
    0.39813366532325745,
    11.70514623584082,
    36.52955627441406,
    -3.239352226257324,
    0.29946646094322205,
    0.0748799666762352,
    0.051521506160497665,
    0.013475523330271244,
    0.04732125625014305,
    0.033668775111436844,
    0.03402603045105934,
    0.019689088687300682,
    0.06938091665506363,
    0.028319966048002243,
    0.026951046660542488,
    0.009572429582476616,
    0.04584549367427826,
    0.05341128259897232,
    0.08130387961864471,
    0.11116638779640198
  ]
}