{
  "image_path": "Textures\\Im23.jpg",
  "image_name": "Im23.jpg",
  "shape_features": {
    "fourier_descriptors": [
      0.0,
      1.0,
      0.9098725021152397,
      1.486802364450164,
      1.504288123342501,
      0.36789442984782117,
      0.43485087497160363,
      0.38068885719547807,
      0.4507131020747158,
      0.14698582974385768,
      0.0151607461535319,
      0.028514228161313177,
      0.18491785958829213,
      0.22368568503867525,
      0.08434774068423195,
      0.07748958079742505,
      0.17046113154725165,
      0.11754346808739628,
      0.11695487174789115,
      0.0772784571453832
    ],
    "direction_histogram": [
      0.1289299875497818,
      0.05125495418906212,
      0.26287978887557983,
      0.0464993380010128,
      0.1498018503189087,
      0.03408190235495567,
      0.2760898172855377,
      0.050462350249290466
    ],
    "combined": [
      0.0,
      1.0,
      0.9098725021152397,
      1.486802364450164,
      1.504288123342501,
      0.36789442984782117,
      0.43485087497160363,
      0.38068885719547807,
      0.4507131020747158,
      0.14698582974385768,
      0.0151607461535319,
      0.028514228161313177,
      0.18491785958829213,
      0.22368568503867525,
      0.08434774068423195,
      0.07748958079742505,
      0.17046113154725165,
      0.11754346808739628,
      0.11695487174789115,
      0.0772784571453832,
      0.1289299875497818,
      0.05125495418906212,
      0.26287978887557983,
      0.0464993380010128,
      0.1498018503189087,
      0.03408190235495567,
      0.2760898172855377,
      0.050462350249290466
    ]
  },
  "texture_features": {
    "gabor_features": [
      0.19626766443252563,
      0.609896719455719,
      0.7658872604370117,
      0.9718325734138489,
      1.2985788583755493,
      1.4034781455993652,
      0.2654512822628021,
      0.337787002325058,
      0.693500280380249,
      0.3396098017692566,
      1.4475561380386353,
      0.5102109909057617,
      0.19615094363689423,
      0.44953709840774536,
      0.7652376890182495,
      0.48517316579818726,
      1.2973967790603638,
      0.8104957342147827,
      0.26538437604904175,
      0.3641691505908966,
      0.6933530569076538,
      0.3901347219944,
      1.4473357200622559,
      0.6224661469459534
    ],
    "tamura_coarseness": 9.06811496645586,
    "tamura_contrast": 27.88674545288086,
    "tamura_directionality": -2.10416841506958,
    "tamura_direction_histogram": [
      0.0894993469119072,
      0.07340248674154282,
      0.06385350227355957,
      0.04906211793422699,
      0.05817985534667969,
      0.051646649837493896,
      0.05440426617860794,
      0.04803534597158432,
      0.06052969768643379,
      0.054800309240818024,
      0.05456855148077011,
      0.04899757727980614,
      0.06552568078041077,
      0.06898443400859833,
      0.07938123494386673,
      0.0791289433836937
    ],
    "combined": [
      0.19626766443252563,
      0.609896719455719,
      0.7658872604370117,
      0.9718325734138489,
      1.2985788583755493,
      1.4034781455993652,
      0.2654512822628021,
      0.337787002325058,
      0.693500280380249,
      0.3396098017692566,
      1.4475561380386353,
      0.5102109909057617,
      0.19615094363689423,
      0.44953709840774536,
      0.7652376890182495,
      0.48517316579818726,
      1.2973967790603638,
      0.8104957342147827,
      0.26538437604904175,
      0.3641691505908966,
      0.6933530569076538,
      0.3901347219944,
      1.4473357200622559,
      0.6224661469459534,
      9.06811496645586,
      27.88674545288086,
      -2.10416841506958,
      0.0894993469119072,
      0.07340248674154282,
      0.06385350227355957,
      0.04906211793422699,
      0.05817985534667969,
      0.051646649837493896,
      0.05440426617860794,
      0.04803534597158432,
      0.06052969768643379,
      0.054800309240818024,
      0.05456855148077011,
      0.04899757727980614,
      0.06552568078041077,
      0.06898443400859833,
      0.07938123494386673,
      0.0791289433836937
    ]
  },
  "combined_feature_vector": [
    0.0,
    1.0,
    0.9098725021152397,
    1.486802364450164,
    1.504288123342501,
    0.36789442984782117,
    0.43485087497160363,
    0.38068885719547807,
    0.4507131020747158,
    0.14698582974385768,
    0.0151607461535319,
    0.028514228161313177,
    0.18491785958829213,
    0.22368568503867525,
    0.08434774068423195,
    0.07748958079742505,
    0.17046113154725165,
    0.11754346808739628,
    0.11695487174789115,
    0.0772784571453832,
    0.1289299875497818,
    0.05125495418906212,
    0.26287978887557983,
    0.0464993380010128,
    0.1498018503189087,
    0.03408190235495567,
    0.2760898172855377,
    0.050462350249290466,
    0.19626766443252563,
    0.609896719455719,
    0.7658872604370117,
    0.9718325734138489,
    1.2985788583755493,
    1.4034781455993652,
    0.2654512822628021,
    0.337787002325058,
    0.693500280380249,
    0.3396098017692566,
    1.4475561380386353,
    0.5102109909057617,
    0.19615094363689423,
    0.44953709840774536,
    0.7652376890182495,
    0.48517316579818726,
    1.2973967790603638,
    0.8104957342147827,
    0.26538437604904175,
    0.3641691505908966,
    0.6933530569076538,
    0.3901347219944,
    1.4473357200622559,
    0.6224661469459534,
    9.06811496645586,
    27.88674545288086,
    -2.10416841506958,
    0.0894993469119072,
    0.07340248674154282,
    0.06385350227355957,
    0.04906211793422699,
    0.05817985534667969,
    0.051646649837493896,
    0.05440426617860794,
    0.04803534597158432,
    0.06052969768643379,
    0.054800309240818024,
    0.05456855148077011,
    0.04899757727980614,
    0.06552568078041077,
    0.06898443400859833,
    0.07938123494386673,
    0.0791289433836937
  ]
}