{
  "image_path": "Textures\\Im24.jpg",
  "image_name": "Im24.jpg",
  "shape_features": {
    "fourier_descriptors": [
      0.0,
      1.0,
      0.5828169183265662,
      0.5600043426721951,
      0.5253243270056358,
      0.36543346839691465,
      0.27818619716297466,
      0.06981123667850313,
      0.1278365958296221,
      0.12507702138253807,
      0.014238396985386856,
      0.05529154774014333,
      0.05960143394037736,
      0.03041818913668491,
      0.05362930944587967,
      0.03678297078897601,
      0.09244862405939783,
      0.04119091403279158,
      0.06755398187669387,
      0.02964021324798237
    ],
    "direction_histogram": [
      0.14872054755687714,
      0.08588801324367523,
      0.14441347122192383,
      0.09982264786958694,
      0.19103115797042847,
      0.04813782498240471,
      0.17734988033771515,
      0.10463643074035645
    ],
    "combined": [
      0.0,
      1.0,
      0.5828169183265662,
      0.5600043426721951,
      0.5253243270056358,
      0.36543346839691465,
      0.27818619716297466,
      0.06981123667850313,
      0.1278365958296221,
      0.12507702138253807,
      0.014238396985386856,
      0.05529154774014333,
      0.05960143394037736,
      0.03041818913668491,
      0.05362930944587967,
      0.03678297078897601,
      0.09244862405939783,
      0.04119091403279158,
      0.06755398187669387,
      0.02964021324798237,
      0.14872054755687714,
      0.08588801324367523,
      0.14441347122192383,
      0.09982264786958694,
      0.19103115797042847,
      0.04813782498240471,
      0.17734988033771515,
      0.10463643074035645
    ]
  },
  "texture_features": {
    "gabor_features": [
      0.15491844713687897,
      0.544272243976593,
      0.6049291491508484,
      1.4893583059310913,
      1.0253269672393799,
      2.3527002334594727,
      0.20969124138355255,
      0.6741864681243896,
      0.5477575063705444,
      1.6709599494934082,
      1.1434543132781982,
      2.7748873233795166,
      0.15494166314601898,
      0.45596078038215637,
      0.6050252914428711,
      1.3483881950378418,
      1.0252681970596313,
      2.2890067100524902,
      0.20971418917179108,
      0.5407436490058899,
      0.54782634973526,
      1.5184072256088257,
      1.1436794996261597,
      2.4395663738250732
    ],
    "tamura_coarseness": 4.022320847840226,
    "tamura_contrast": 28.31609344482422,
    "tamura_directionality": -1.702955961227417,
    "tamura_direction_histogram": [
      0.07210671156644821,
      0.06757843494415283,
      0.0687323734164238,
      0.068607397377491,
      0.07965940237045288,
      0.06681191921234131,
      0.06265023350715637,
      0.05652226507663727,
      0.06257524341344833,
      0.05759705230593681,
      0.05719713121652603,
      0.05147741734981537,
      0.05955083668231964,
      0.05528084188699722,
      0.05672222375869751,
      0.05693051591515541
    ],
    "combined": [
      0.15491844713687897,
      0.544272243976593,
      0.6049291491508484,
      1.4893583059310913,
      1.0253269672393799,
      2.3527002334594727,
      0.20969124138355255,
      0.6741864681243896,
      0.5477575063705444,
      1.6709599494934082,
      1.1434543132781982,
      2.7748873233795166,
      0.15494166314601898,
      0.45596078038215637,
      0.6050252914428711,
      1.3483881950378418,
      1.0252681970596313,
      2.2890067100524902,
      0.20971418917179108,
      0.5407436490058899,
      0.54782634973526,
      1.5184072256088257,
      1.1436794996261597,
      2.4395663738250732,
      4.022320847840226,
      28.31609344482422,
      -1.702955961227417,
      0.07210671156644821,
      0.06757843494415283,
      0.0687323734164238,
      0.068607397377491,
      0.07965940237045288,
      0.06681191921234131,
      0.06265023350715637,
      0.05652226507663727,
      0.06257524341344833,
      0.05759705230593681,
      0.05719713121652603,
      0.05147741734981537,
      0.05955083668231964,
      0.05528084188699722,
      0.05672222375869751,
      0.05693051591515541
    ]
  },
  "combined_feature_vector": [
    0.0,
    1.0,
    0.5828169183265662,
    0.5600043426721951,
    0.5253243270056358,
    0.36543346839691465,
    0.27818619716297466,
    0.06981123667850313,
    0.1278365958296221,
    0.12507702138253807,
    0.014238396985386856,
    0.05529154774014333,
    0.05960143394037736,
    0.03041818913668491,
    0.05362930944587967,
    0.03678297078897601,
    0.09244862405939783,
    0.04119091403279158,
    0.06755398187669387,
    0.02964021324798237,
    0.14872054755687714,
    0.08588801324367523,
    0.14441347122192383,
    0.09982264786958694,
    0.19103115797042847,
    0.04813782498240471,
    0.17734988033771515,
    0.10463643074035645,
    0.15491844713687897,
    0.544272243976593,
    0.6049291491508484,
    1.4893583059310913,
    1.0253269672393799,
    2.3527002334594727,
    0.20969124138355255,
    0.6741864681243896,
    0.5477575063705444,
    1.6709599494934082,
    1.1434543132781982,
    2.7748873233795166,
    0.15494166314601898,
    0.45596078038215637,
    0.6050252914428711,
    1.3483881950378418,
    1.0252681970596313,
    2.2890067100524902,
    0.20971418917179108,
    0.5407436490058899,
    0.54782634973526,
    1.5184072256088257,
    1.1436794996261597,
    2.4395663738250732,
    4.022320847840226,
    28.31609344482422,
    -1.702955961227417,
    0.07210671156644821,
    0.06757843494415283,
    0.0687323734164238,
    0.068607397377491,
    0.07965940237045288,
    0.06681191921234131,
    0.06265023350715637,
    0.05652226507663727,
    0.06257524341344833,
    0.05759705230593681,
    0.05719713121652603,
    0.05147741734981537,
    0.05955083668231964,
    0.05528084188699722,
    0.05672222375869751,
    0.05693051591515541
  ]
}