{
  "image_path": "Textures\\Im25.jpg",
  "image_name": "Im25.jpg",
  "shape_features": {
    "fourier_descriptors": [
      0.0,
      1.0,
      0.08579116275671435,
      0.3438790187134575,
      0.11064869084056173,
      0.12092689332066583,
      0.08391213345612222,
      0.1630566170944102,
      0.11261877685990589,
      0.08223282704730521,
      0.10540436074790792,
      0.060037305985772234,
      0.12834049112656343,
      0.04324979004949976,
      0.024164881871020522,
      0.05056141941279667,
      0.017751500659659494,
      0.030363364768257534,
      0.03241699802660044,
      0.045458043038427355
    ],
    "direction_histogram": [
      0.11511685699224472,
      0.12729984521865845,
      0.11561412364244461,
      0.12605668604373932,
      0.14694182574748993,
      0.11486822366714478,
      0.108403779566288,
      0.1456986516714096
    ],
    "combined": [
      0.0,
      1.0,
      0.08579116275671435,
      0.3438790187134575,
      0.11064869084056173,
      0.12092689332066583,
      0.08391213345612222,
      0.1630566170944102,
      0.11261877685990589,
      0.08223282704730521,
      0.10540436074790792,
      0.060037305985772234,
      0.12834049112656343,
      0.04324979004949976,
      0.024164881871020522,
      0.05056141941279667,
      0.017751500659659494,
      0.030363364768257534,
      0.03241699802660044,
      0.045458043038427355,
      0.11511685699224472,
      0.12729984521865845,
      0.11561412364244461,
      0.12605668604373932,
      0.14694182574748993,
      0.11486822366714478,
      0.108403779566288,
      0.1456986516714096
    ]
  },
  "texture_features": {
    "gabor_features": [
      0.13662265241146088,
      0.6137176752090454,
      0.534551739692688,
      1.0553675889968872,
      0.9058549404144287,
      1.6115736961364746,
      0.1850488781929016,
      0.7114989161491394,
      0.4834228754043579,
      1.3750697374343872,
      1.008731484413147,
      2.2110283374786377,
      0.13673782348632812,
      0.6112333536148071,
      0.5348415374755859,
      1.0596717596054077,
      0.9051286578178406,
      1.5524343252182007,
      0.1850631833076477,
      0.6296355724334717,
      0.4833013415336609,
      1.0124471187591553,
      1.0093247890472412,
      1.4804747104644775
    ],
    "tamura_coarseness": 6.728134110787172,
    "tamura_contrast": 33.862525939941406,
    "tamura_directionality": -1.666149377822876,
    "tamura_direction_histogram": [
      0.06945881247520447,
      0.06509916484355927,
      0.06891200691461563,
      0.06687997281551361,
      0.07199332118034363,
      0.06665829569101334,
      0.06658440083265305,
      0.060643453150987625,
      0.06560163199901581,
      0.059756744652986526,
      0.057052284479141235,
      0.05318032577633858,
      0.0578133761882782,
      0.05629858374595642,
      0.058367568999528885,
      0.05570005625486374
    ],
    "combined": [
      0.13662265241146088,
      0.6137176752090454,
      0.534551739692688,
      1.0553675889968872,
      0.9058549404144287,
      1.6115736961364746,
      0.1850488781929016,
      0.7114989161491394,
      0.4834228754043579,
      1.3750697374343872,
      1.008731484413147,
      2.2110283374786377,
      0.13673782348632812,
      0.6112333536148071,
      0.5348415374755859,
      1.0596717596054077,
      0.9051286578178406,
      1.5524343252182007,
      0.1850631833076477,
      0.6296355724334717,
      0.4833013415336609,
      1.0124471187591553,
      1.0093247890472412,
      1.4804747104644775,
      6.728134110787172,
      33.862525939941406,
      -1.666149377822876,
      0.06945881247520447,
      0.06509916484355927,
      0.06891200691461563,
      0.06687997281551361,
      0.07199332118034363,
      0.06665829569101334,
      0.06658440083265305,
      0.060643453150987625,
      0.06560163199901581,
      0.059756744652986526,
      0.057052284479141235,
      0.05318032577633858,
      0.0578133761882782,
      0.05629858374595642,
      0.058367568999528885,
      0.05570005625486374
    ]
  },
  "combined_feature_vector": [
    0.0,
    1.0,
    0.08579116275671435,
    0.3438790187134575,
    0.11064869084056173,
    0.12092689332066583,
    0.08391213345612222,
    0.1630566170944102,
    0.11261877685990589,
    0.08223282704730521,
    0.10540436074790792,
    0.060037305985772234,
    0.12834049112656343,
    0.04324979004949976,
    0.024164881871020522,
    0.05056141941279667,
    0.017751500659659494,
    0.030363364768257534,
    0.03241699802660044,
    0.045458043038427355,
    0.11511685699224472,
    0.12729984521865845,
    0.11561412364244461,
    0.12605668604373932,
    0.14694182574748993,
    0.11486822366714478,
    0.108403779566288,
    0.1456986516714096,
    0.13662265241146088,
    0.6137176752090454,
    0.534551739692688,
    1.0553675889968872,
    0.9058549404144287,
    1.6115736961364746,
    0.1850488781929016,
    0.7114989161491394,
    0.4834228754043579,
    1.3750697374343872,
    1.008731484413147,
    2.2110283374786377,
    0.13673782348632812,
    0.6112333536148071,
    0.5348415374755859,
    1.0596717596054077,
    0.9051286578178406,
    1.5524343252182007,
    0.1850631833076477,
    0.6296355724334717,
    0.4833013415336609,
    1.0124471187591553,
    1.0093247890472412,
    1.4804747104644775,
    6.728134110787172,
    33.862525939941406,
    -1.666149377822876,
    0.06945881247520447,
    0.06509916484355927,
    0.06891200691461563,
    0.06687997281551361,
    0.07199332118034363,
    0.06665829569101334,
    0.06658440083265305,
    0.060643453150987625,
    0.06560163199901581,
    0.059756744652986526,
    0.057052284479141235,
    0.05318032577633858,
    0.0578133761882782,
    0.05629858374595642,
    0.058367568999528885,
    0.05570005625486374
  ]
}