{
  "image_path": "Textures\\Im26.jpg",
  "image_name": "Im26.jpg",
  "shape_features": {
    "fourier_descriptors": [
      0.0,
      1.0,
      0.23703198573147027,
      0.36981530425849085,
      0.3043547746260003,
      0.4380337275211448,
      0.13490070001904728,
      0.11464039148892277,
      0.14569852741372338,
      0.24650763094998107,
      0.08199124003860665,
      0.09805142858777569,
      0.12035770641238656,
      0.1309573462576839,
      0.043169022852991505,
      0.09158646631710683,
      0.1033713029653993,
      0.07833492407358812,
      0.046371941927799615,
      0.03440015846620371
    ],
    "direction_histogram": [
      0.1396629959344864,
      0.13804277777671814,
      0.09883344173431396,
      0.12443292140960693,
      0.13771873712539673,
      0.1296176314353943,
      0.11730395257472992,
      0.11438755691051483
    ],
    "combined": [
      0.0,
      1.0,
      0.23703198573147027,
      0.36981530425849085,
      0.3043547746260003,
      0.4380337275211448,
      0.13490070001904728,
      0.11464039148892277,
      0.14569852741372338,
      0.24650763094998107,
      0.08199124003860665,
      0.09805142858777569,
      0.12035770641238656,
      0.1309573462576839,
      0.043169022852991505,
      0.09158646631710683,
      0.1033713029653993,
      0.07833492407358812,
      0.046371941927799615,
      0.03440015846620371,
      0.1396629959344864,
      0.13804277777671814,
      0.09883344173431396,
      0.12443292140960693,
      0.13771873712539673,
      0.1296176314353943,
      0.11730395257472992,
      0.11438755691051483
    ]
  },
  "texture_features": {
    "gabor_features": [
      0.09493282437324524,
      0.5658950805664062,
      0.3715144991874695,
      1.0983061790466309,
      0.6289739608764648,
      1.5432969331741333,
      0.12872745096683502,
      0.7390586137771606,
      0.3360399007797241,
      1.3469593524932861,
      0.7020354866981506,
      1.9524935483932495,
      0.09429733455181122,
      0.804011881351471,
      0.37172460556030273,
      1.4887733459472656,
      0.626487672328949,
      2.0778913497924805,
      0.12863461673259735,
      0.6762186884880066,
      0.3358822762966156,
      1.2527233362197876,
      0.7014716267585754,
      1.7447421550750732
    ],
    "tamura_coarseness": 4.491172386431264,
    "tamura_contrast": 29.231708526611328,
    "tamura_directionality": -1.3223545551300049,
    "tamura_direction_histogram": [
      0.055384501814842224,
      0.05253371596336365,
      0.055594008415937424,
      0.05700443312525749,
      0.06872556358575821,
      0.07377616316080093,
      0.08106399327516556,
      0.07789894938468933,
      0.08222001791000366,
      0.07066349685192108,
      0.0653248280286789,
      0.055825959891080856,
      0.05571746453642845,
      0.05126171559095383,
      0.04985877126455307,
      0.04714640974998474
    ],
    "combined": [
      0.09493282437324524,
      0.5658950805664062,
      0.3715144991874695,
      1.0983061790466309,
      0.6289739608764648,
      1.5432969331741333,
      0.12872745096683502,
      0.7390586137771606,
      0.3360399007797241,
      1.3469593524932861,
      0.7020354866981506,
      1.9524935483932495,
      0.09429733455181122,
      0.804011881351471,
      0.37172460556030273,
      1.4887733459472656,
      0.626487672328949,
      2.0778913497924805,
      0.12863461673259735,
      0.6762186884880066,
      0.3358822762966156,
      1.2527233362197876,
      0.7014716267585754,
      1.7447421550750732,
      4.491172386431264,
      29.231708526611328,
      -1.3223545551300049,
      0.055384501814842224,
      0.05253371596336365,
      0.055594008415937424,
      0.05700443312525749,
      0.06872556358575821,
      0.07377616316080093,
      0.08106399327516556,
      0.07789894938468933,
      0.08222001791000366,
      0.07066349685192108,
      0.0653248280286789,
      0.055825959891080856,
      0.05571746453642845,
      0.05126171559095383,
      0.04985877126455307,
      0.04714640974998474
    ]
  },
  "combined_feature_vector": [
    0.0,
    1.0,
    0.23703198573147027,
    0.36981530425849085,
    0.3043547746260003,
    0.4380337275211448,
    0.13490070001904728,
    0.11464039148892277,
    0.14569852741372338,
    0.24650763094998107,
    0.08199124003860665,
    0.09805142858777569,
    0.12035770641238656,
    0.1309573462576839,
    0.043169022852991505,
    0.09158646631710683,
    0.1033713029653993,
    0.07833492407358812,
    0.046371941927799615,
    0.03440015846620371,
    0.1396629959344864,
    0.13804277777671814,
    0.09883344173431396,
    0.12443292140960693,
    0.13771873712539673,
    0.1296176314353943,
    0.11730395257472992,
    0.11438755691051483,
    0.09493282437324524,
    0.5658950805664062,
    0.3715144991874695,
    1.0983061790466309,
    0.6289739608764648,
    1.5432969331741333,
    0.12872745096683502,
    0.7390586137771606,
    0.3360399007797241,
    1.3469593524932861,
    0.7020354866981506,
    1.9524935483932495,
    0.09429733455181122,
    0.804011881351471,
    0.37172460556030273,
    1.4887733459472656,
    0.626487672328949,
    2.0778913497924805,
    0.12863461673259735,
    0.6762186884880066,
    0.3358822762966156,
    1.2527233362197876,
    0.7014716267585754,
    1.7447421550750732,
    4.491172386431264,
    29.231708526611328,
    -1.3223545551300049,
    0.055384501814842224,
    0.05253371596336365,
    0.055594008415937424,
    0.05700443312525749,
    0.06872556358575821,
    0.07377616316080093,
    0.08106399327516556,
    0.07789894938468933,
    0.08222001791000366,
    0.07066349685192108,
    0.0653248280286789,
    0.055825959891080856,
    0.05571746453642845,
    0.05126171559095383,
    0.04985877126455307,
    0.04714640974998474
  ]
}