{
  "image_path": "Textures\\Im27.jpg",
  "image_name": "Im27.jpg",
  "shape_features": {
    "fourier_descriptors": [
      0.0,
      1.0,
      0.7778624000816625,
      0.6068354210190303,
      0.5207521693985092,
      0.07025150049477716,
      0.471954473187696,
      0.04448213282682983,
      0.2791645554238722,
      0.05475728686807083,
      0.3503544642055559,
      0.22302062143805051,
      0.15097644627648152,
      0.06243188865853533,
      0.028323468477921006,
      0.13341596720891571,
      0.04879367998502665,
      0.09085798673768253,
      0.08390579511915226,
      0.12060419827198604
    ],
    "direction_histogram": [
      0.17610062658786774,
      0.13614502549171448,
      0.0924898236989975,
      0.09803921729326248,
      0.170921191573143,
      0.14243432879447937,
      0.08435072004795074,
      0.09951905161142349
    ],
    "combined": [
      0.0,
      1.0,
      0.7778624000816625,
      0.6068354210190303,
      0.5207521693985092,
      0.07025150049477716,
      0.471954473187696,
      0.04448213282682983,
      0.2791645554238722,
      0.05475728686807083,
      0.3503544642055559,
      0.22302062143805051,
      0.15097644627648152,
      0.06243188865853533,
      0.028323468477921006,
      0.13341596720891571,
      0.04879367998502665,
      0.09085798673768253,
      0.08390579511915226,
      0.12060419827198604,
      0.17610062658786774,
      0.13614502549171448,
      0.0924898236989975,
      0.09803921729326248,
      0.170921191573143,
      0.14243432879447937,
      0.08435072004795074,
      0.09951905161142349
    ]
  },
  "texture_features": {
    "gabor_features": [
      0.09421847015619278,
      0.6242357492446899,
      0.3687269985675812,
      1.3022090196609497,
      0.6246227025985718,
      1.9837329387664795,
      0.1278034746646881,
      0.7733506560325623,
      0.333844393491745,
      1.6179089546203613,
      0.6968757510185242,
      2.3797552585601807,
      0.09492392092943192,
      0.9306805729866028,
      0.36750727891921997,
      1.9643404483795166,
      0.6222646236419678,
      2.720623731613159,
      0.12782786786556244,
      0.769518256187439,
      0.33390894532203674,
      1.5312470197677612,
      0.6972612738609314,
      2.3623671531677246
    ],
    "tamura_coarseness": 4.360797019991624,
    "tamura_contrast": 35.2036247253418,
    "tamura_directionality": -1.242250680923462,
    "tamura_direction_histogram": [
      0.051687173545360565,
      0.04741073399782181,
      0.04995093122124672,
      0.0532044991850853,
      0.06271231174468994,
      0.06872876733541489,
      0.0778704583644867,
      0.0813618153333664,
      0.08926171809434891,
      0.07845550030469894,
      0.07190684974193573,
      0.060111723840236664,
      0.06005510687828064,
      0.052876122295856476,
      0.04900732263922691,
      0.045398958027362823
    ],
    "combined": [
      0.09421847015619278,
      0.6242357492446899,
      0.3687269985675812,
      1.3022090196609497,
      0.6246227025985718,
      1.9837329387664795,
      0.1278034746646881,
      0.7733506560325623,
      0.333844393491745,
      1.6179089546203613,
      0.6968757510185242,
      2.3797552585601807,
      0.09492392092943192,
      0.9306805729866028,
      0.36750727891921997,
      1.9643404483795166,
      0.6222646236419678,
      2.720623731613159,
      0.12782786786556244,
      0.769518256187439,
      0.33390894532203674,
      1.5312470197677612,
      0.6972612738609314,
      2.3623671531677246,
      4.360797019991624,
      35.2036247253418,
      -1.242250680923462,
      0.051687173545360565,
      0.04741073399782181,
      0.04995093122124672,
      0.0532044991850853,
      0.06271231174468994,
      0.06872876733541489,
      0.0778704583644867,
      0.0813618153333664,
      0.08926171809434891,
      0.07845550030469894,
      0.07190684974193573,
      0.060111723840236664,
      0.06005510687828064,
      0.052876122295856476,
      0.04900732263922691,
      0.045398958027362823
    ]
  },
  "combined_feature_vector": [
    0.0,
    1.0,
    0.7778624000816625,
    0.6068354210190303,
    0.5207521693985092,
    0.07025150049477716,
    0.471954473187696,
    0.04448213282682983,
    0.2791645554238722,
    0.05475728686807083,
    0.3503544642055559,
    0.22302062143805051,
    0.15097644627648152,
    0.06243188865853533,
    0.028323468477921006,
    0.13341596720891571,
    0.04879367998502665,
    0.09085798673768253,
    0.08390579511915226,
    0.12060419827198604,
    0.17610062658786774,
    0.13614502549171448,
    0.0924898236989975,
    0.09803921729326248,
    0.170921191573143,
    0.14243432879447937,
    0.08435072004795074,
    0.09951905161142349,
    0.09421847015619278,
    0.6242357492446899,
    0.3687269985675812,
    1.3022090196609497,
    0.6246227025985718,
    1.9837329387664795,
    0.1278034746646881,
    0.7733506560325623,
    0.333844393491745,
    1.6179089546203613,
    0.6968757510185242,
    2.3797552585601807,
    0.09492392092943192,
    0.9306805729866028,
    0.36750727891921997,
    1.9643404483795166,
    0.6222646236419678,
    2.720623731613159,
    0.12782786786556244,
    0.769518256187439,
    0.33390894532203674,
    1.5312470197677612,
    0.6972612738609314,
    2.3623671531677246,
    4.360797019991624,
    35.2036247253418,
    -1.242250680923462,
    0.051687173545360565,
    0.04741073399782181,
    0.04995093122124672,
    0.0532044991850853,
    0.06271231174468994,
    0.06872876733541489,
    0.0778704583644867,
    0.0813618153333664,
    0.08926171809434891,
    0.07845550030469894,
    0.07190684974193573,
    0.060111723840236664,
    0.06005510687828064,
    0.052876122295856476,
    0.04900732263922691,
    0.045398958027362823
  ]
}