{
  "image_path": "Textures\\Im28.jpg",
  "image_name": "Im28.jpg",
  "shape_features": {
    "fourier_descriptors": [
      0.0,
      1.0,
      1.2422418013813432,
      0.35569896839413,
      0.6716220321484951,
      0.2908772228184208,
      0.12263807186030973,
      0.028207801619099315,
      0.06443842072231548,
      0.16536553523589959,
      0.15600500206200885,
      0.09243963361689952,
      0.0586437295586204,
      0.22131216006747007,
      0.0876984946040242,
      0.12508507096379703,
      0.06854904672279041,
      0.053109149936174826,
      0.10399402025562618,
      0.05367307422124339
    ],
    "direction_histogram": [
      0.095238097012043,
      0.1025020182132721,
      0.17271994054317474,
      0.1307506114244461,
      0.0928167849779129,
      0.10815173387527466,
      0.16303470730781555,
      0.13478611409664154
    ],
    "combined": [
      0.0,
      1.0,
      1.2422418013813432,
      0.35569896839413,
      0.6716220321484951,
      0.2908772228184208,
      0.12263807186030973,
      0.028207801619099315,
      0.06443842072231548,
      0.16536553523589959,
      0.15600500206200885,
      0.09243963361689952,
      0.0586437295586204,
      0.22131216006747007,
      0.0876984946040242,
      0.12508507096379703,
      0.06854904672279041,
      0.053109149936174826,
      0.10399402025562618,
      0.05367307422124339,
      0.095238097012043,
      0.1025020182132721,
      0.17271994054317474,
      0.1307506114244461,
      0.0928167849779129,
      0.10815173387527466,
      0.16303470730781555,
      0.13478611409664154
    ]
  },
  "texture_features": {
    "gabor_features": [
      0.09555133432149887,
      0.7339299321174622,
      0.3715534210205078,
      1.52427339553833,
      0.6299147605895996,
      2.2423877716064453,
      0.12898863852024078,
      0.5703619718551636,
      0.33694198727607727,
      1.1149905920028687,
      0.7033753395080566,
      1.6657510995864868,
      0.09522946923971176,
      0.5368074774742126,
      0.37274056673049927,
      1.1623739004135132,
      0.6308527588844299,
      1.784591555595398,
      0.12893719971179962,
      0.6451116800308228,
      0.33678704500198364,
      1.3397246599197388,
      0.7032061219215393,
      1.9830621480941772
    ],
    "tamura_coarseness": 5.1298573916110115,
    "tamura_contrast": 30.06685447692871,
    "tamura_directionality": -2.171264410018921,
    "tamura_direction_histogram": [
      0.0874239131808281,
      0.073512502014637,
      0.06483004242181778,
      0.05277647823095322,
      0.05395636335015297,
      0.04812810197472572,
      0.047948308289051056,
      0.04625152051448822,
      0.053064893931150436,
      0.05175016447901726,
      0.05407622456550598,
      0.05680307000875473,
      0.06963198632001877,
      0.07516808807849884,
      0.0824047178030014,
      0.08227362483739853
    ],
    "combined": [
      0.09555133432149887,
      0.7339299321174622,
      0.3715534210205078,
      1.52427339553833,
      0.6299147605895996,
      2.2423877716064453,
      0.12898863852024078,
      0.5703619718551636,
      0.33694198727607727,
      1.1149905920028687,
      0.7033753395080566,
      1.6657510995864868,
      0.09522946923971176,
      0.5368074774742126,
      0.37274056673049927,
      1.1623739004135132,
      0.6308527588844299,
      1.784591555595398,
      0.12893719971179962,
      0.6451116800308228,
      0.33678704500198364,
      1.3397246599197388,
      0.7032061219215393,
      1.9830621480941772,
      5.1298573916110115,
      30.06685447692871,
      -2.171264410018921,
      0.0874239131808281,
      0.073512502014637,
      0.06483004242181778,
      0.05277647823095322,
      0.05395636335015297,
      0.04812810197472572,
      0.047948308289051056,
      0.04625152051448822,
      0.053064893931150436,
      0.05175016447901726,
      0.05407622456550598,
      0.05680307000875473,
      0.06963198632001877,
      0.07516808807849884,
      0.0824047178030014,
      0.08227362483739853
    ]
  },
  "combined_feature_vector": [
    0.0,
    1.0,
    1.2422418013813432,
    0.35569896839413,
    0.6716220321484951,
    0.2908772228184208,
    0.12263807186030973,
    0.028207801619099315,
    0.06443842072231548,
    0.16536553523589959,
    0.15600500206200885,
    0.09243963361689952,
    0.0586437295586204,
    0.22131216006747007,
    0.0876984946040242,
    0.12508507096379703,
    0.06854904672279041,
    0.053109149936174826,
    0.10399402025562618,
    0.05367307422124339,
    0.095238097012043,
    0.1025020182132721,
    0.17271994054317474,
    0.1307506114244461,
    0.0928167849779129,
    0.10815173387527466,
    0.16303470730781555,
    0.13478611409664154,
    0.09555133432149887,
    0.7339299321174622,
    0.3715534210205078,
    1.52427339553833,
    0.6299147605895996,
    2.2423877716064453,
    0.12898863852024078,
    0.5703619718551636,
    0.33694198727607727,
    1.1149905920028687,
    0.7033753395080566,
    1.6657510995864868,
    0.09522946923971176,
    0.5368074774742126,
    0.37274056673049927,
    1.1623739004135132,
    0.6308527588844299,
    1.784591555595398,
    0.12893719971179962,
    0.6451116800308228,
    0.33678704500198364,
    1.3397246599197388,
    0.7032061219215393,
    1.9830621480941772,
    5.1298573916110115,
    30.06685447692871,
    -2.171264410018921,
    0.0874239131808281,
    0.073512502014637,
    0.06483004242181778,
    0.05277647823095322,
    0.05395636335015297,
    0.04812810197472572,
    0.047948308289051056,
    0.04625152051448822,
    0.053064893931150436,
    0.05175016447901726,
    0.05407622456550598,
    0.05680307000875473,
    0.06963198632001877,
    0.07516808807849884,
    0.0824047178030014,
    0.08227362483739853
  ]
}