{
  "image_path": "Textures\\Im29.jpg",
  "image_name": "Im29.jpg",
  "shape_features": {
    "fourier_descriptors": [
      0.0,
      1.0,
      1.2664299737909943,
      0.4152789090989678,
      0.34789723156890273,
      0.21108003877760506,
      0.06888646766265734,
      0.33226251552445746,
      0.09861867809519542,
      0.27493289185013997,
      0.119915643089515,
      0.16940039708313584,
      0.05344744088542421,
      0.09686750174033966,
      0.08431812038341652,
      0.0383177904654558,
      0.08116145388563416,
      0.11361878753119,
      0.10042608287316593,
      0.09353625311135225
    ],
    "direction_histogram": [
      0.14821428060531616,
      0.14642857015132904,
      0.09464285522699356,
      0.10357142984867096,
      0.16249999403953552,
      0.13214285671710968,
      0.1071428582072258,
      0.10535714030265808
    ],
    "combined": [
      0.0,
      1.0,
      1.2664299737909943,
      0.4152789090989678,
      0.34789723156890273,
      0.21108003877760506,
      0.06888646766265734,
      0.33226251552445746,
      0.09861867809519542,
      0.27493289185013997,
      0.119915643089515,
      0.16940039708313584,
      0.05344744088542421,
      0.09686750174033966,
      0.08431812038341652,
      0.0383177904654558,
      0.08116145388563416,
      0.11361878753119,
      0.10042608287316593,
      0.09353625311135225,
      0.14821428060531616,
      0.14642857015132904,
      0.09464285522699356,
      0.10357142984867096,
      0.16249999403953552,
      0.13214285671710968,
      0.1071428582072258,
      0.10535714030265808
    ]
  },
  "texture_features": {
    "gabor_features": [
      0.09740642458200455,
      0.669495165348053,
      0.38145047426223755,
      1.2027442455291748,
      0.6458221077919006,
      1.614010214805603,
      0.13223335146903992,
      0.681465744972229,
      0.3454072177410126,
      1.118807315826416,
      0.7211015224456787,
      1.480494499206543,
      0.09796935319900513,
      0.6723580956459045,
      0.38146352767944336,
      1.166462779045105,
      0.6470378637313843,
      1.5620841979980469,
      0.13223472237586975,
      0.827328622341156,
      0.3454493284225464,
      1.3413819074630737,
      0.7213031649589539,
      1.8640233278274536
    ],
    "tamura_coarseness": 3.330894075984336,
    "tamura_contrast": 23.00128936767578,
    "tamura_directionality": -1.6804487705230713,
    "tamura_direction_histogram": [
      0.06573472917079926,
      0.0579892136156559,
      0.05706049129366875,
      0.052546918392181396,
      0.056737300008535385,
      0.05609462410211563,
      0.058070939034223557,
      0.0582641139626503,
      0.06746214628219604,
      0.06814196705818176,
      0.06905211508274078,
      0.06652599573135376,
      0.07215403020381927,
      0.06802309304475784,
      0.06576073169708252,
      0.06038159132003784
    ],
    "combined": [
      0.09740642458200455,
      0.669495165348053,
      0.38145047426223755,
      1.2027442455291748,
      0.6458221077919006,
      1.614010214805603,
      0.13223335146903992,
      0.681465744972229,
      0.3454072177410126,
      1.118807315826416,
      0.7211015224456787,
      1.480494499206543,
      0.09796935319900513,
      0.6723580956459045,
      0.38146352767944336,
      1.166462779045105,
      0.6470378637313843,
      1.5620841979980469,
      0.13223472237586975,
      0.827328622341156,
      0.3454493284225464,
      1.3413819074630737,
      0.7213031649589539,
      1.8640233278274536,
      3.330894075984336,
      23.00128936767578,
      -1.6804487705230713,
      0.06573472917079926,
      0.0579892136156559,
      0.05706049129366875,
      0.052546918392181396,
      0.056737300008535385,
      0.05609462410211563,
      0.058070939034223557,
      0.0582641139626503,
      0.06746214628219604,
      0.06814196705818176,
      0.06905211508274078,
      0.06652599573135376,
      0.07215403020381927,
      0.06802309304475784,
      0.06576073169708252,
      0.06038159132003784
    ]
  },
  "combined_feature_vector": [
    0.0,
    1.0,
    1.2664299737909943,
    0.4152789090989678,
    0.34789723156890273,
    0.21108003877760506,
    0.06888646766265734,
    0.33226251552445746,
    0.09861867809519542,
    0.27493289185013997,
    0.119915643089515,
    0.16940039708313584,
    0.05344744088542421,
    0.09686750174033966,
    0.08431812038341652,
    0.0383177904654558,
    0.08116145388563416,
    0.11361878753119,
    0.10042608287316593,
    0.09353625311135225,
    0.14821428060531616,
    0.14642857015132904,
    0.09464285522699356,
    0.10357142984867096,
    0.16249999403953552,
    0.13214285671710968,
    0.1071428582072258,
    0.10535714030265808,
    0.09740642458200455,
    0.669495165348053,
    0.38145047426223755,
    1.2027442455291748,
    0.6458221077919006,
    1.614010214805603,
    0.13223335146903992,
    0.681465744972229,
    0.3454072177410126,
    1.118807315826416,
    0.7211015224456787,
    1.480494499206543,
    0.09796935319900513,
    0.6723580956459045,
    0.38146352767944336,
    1.166462779045105,
    0.6470378637313843,
    1.5620841979980469,
    0.13223472237586975,
    0.827328622341156,
    0.3454493284225464,
    1.3413819074630737,
    0.7213031649589539,
    1.8640233278274536,
    3.330894075984336,
    23.00128936767578,
    -1.6804487705230713,
    0.06573472917079926,
    0.0579892136156559,
    0.05706049129366875,
    0.052546918392181396,
    0.056737300008535385,
    0.05609462410211563,
    0.058070939034223557,
    0.0582641139626503,
    0.06746214628219604,
    0.06814196705818176,
    0.06905211508274078,
    0.06652599573135376,
    0.07215403020381927,
    0.06802309304475784,
    0.06576073169708252,
    0.06038159132003784
  ]
}