{
  "image_path": "Textures\\Im30.jpg",
  "image_name": "Im30.jpg",
  "shape_features": {
    "fourier_descriptors": [
      0.0,
      1.0,
      0.4321144983763893,
      0.2469209222430722,
      0.09413825961134414,
      0.13389475213514104,
      0.046233967396998296,
      0.07248527852665065,
      0.07791829000739502,
      0.09235125085585379,
      0.06291270141936238,
      0.014241450192707011,
      0.05358360091477874,
      0.03180517351803953,
      0.027742838249537025,
      0.011093195073266929,
      0.01779447782059168,
      0.014150396734034718,
      0.022496876214352472,
      0.036813815008105044
    ],
    "direction_histogram": [
      0.1049618348479271,
      0.12022900581359863,
      0.11832061409950256,
      0.14694656431674957,
      0.125,
      0.10877862572669983,
      0.12118320912122726,
      0.15458014607429504
    ],
    "combined": [
      0.0,
      1.0,
      0.4321144983763893,
      0.2469209222430722,
      0.09413825961134414,
      0.13389475213514104,
      0.046233967396998296,
      0.07248527852665065,
      0.07791829000739502,
      0.09235125085585379,
      0.06291270141936238,
      0.014241450192707011,
      0.05358360091477874,
      0.03180517351803953,
      0.027742838249537025,
      0.011093195073266929,
      0.01779447782059168,
      0.014150396734034718,
      0.022496876214352472,
      0.036813815008105044,
      0.1049618348479271,
      0.12022900581359863,
      0.11832061409950256,
      0.14694656431674957,
      0.125,
      0.10877862572669983,
      0.12118320912122726,
      0.15458014607429504
    ]
  },
  "texture_features": {
    "gabor_features": [
      0.09217385202646255,
      0.4709760546684265,
      0.3600599467754364,
      0.8973016738891602,
      0.6100735664367676,
      1.2232898473739624,
      0.12467065453529358,
      0.6316499710083008,
      0.3256652355194092,
      1.1237437725067139,
      0.6798638105392456,
      1.5612010955810547,
      0.09165515750646591,
      0.47991636395454407,
      0.3593805730342865,
      0.887985110282898,
      0.608913004398346,
      1.2152154445648193,
      0.12463416159152985,
      0.47612833976745605,
      0.3255830407142639,
      0.7968998551368713,
      0.6797337532043457,
      1.0935226678848267
    ],
    "tamura_coarseness": 4.319877008530054,
    "tamura_contrast": 20.944860458374023,
    "tamura_directionality": -1.6736981868743896,
    "tamura_direction_histogram": [
      0.07026161998510361,
      0.0691414549946785,
      0.07312716543674469,
      0.07040303945541382,
      0.07887685298919678,
      0.07211119681596756,
      0.06797290593385696,
      0.06007219851016998,
      0.06264746189117432,
      0.055472441017627716,
      0.05214543640613556,
      0.04760894551873207,
      0.053872205317020416,
      0.05345539748668671,
      0.05555431544780731,
      0.057277362793684006
    ],
    "combined": [
      0.09217385202646255,
      0.4709760546684265,
      0.3600599467754364,
      0.8973016738891602,
      0.6100735664367676,
      1.2232898473739624,
      0.12467065453529358,
      0.6316499710083008,
      0.3256652355194092,
      1.1237437725067139,
      0.6798638105392456,
      1.5612010955810547,
      0.09165515750646591,
      0.47991636395454407,
      0.3593805730342865,
      0.887985110282898,
      0.608913004398346,
      1.2152154445648193,
      0.12463416159152985,
      0.47612833976745605,
      0.3255830407142639,
      0.7968998551368713,
      0.6797337532043457,
      1.0935226678848267,
      4.319877008530054,
      20.944860458374023,
      -1.6736981868743896,
      0.07026161998510361,
      0.0691414549946785,
      0.07312716543674469,
      0.07040303945541382,
      0.07887685298919678,
      0.07211119681596756,
      0.06797290593385696,
      0.06007219851016998,
      0.06264746189117432,
      0.055472441017627716,
      0.05214543640613556,
      0.04760894551873207,
      0.053872205317020416,
      0.05345539748668671,
      0.05555431544780731,
      0.057277362793684006
    ]
  },
  "combined_feature_vector": [
    0.0,
    1.0,
    0.4321144983763893,
    0.2469209222430722,
    0.09413825961134414,
    0.13389475213514104,
    0.046233967396998296,
    0.07248527852665065,
    0.07791829000739502,
    0.09235125085585379,
    0.06291270141936238,
    0.014241450192707011,
    0.05358360091477874,
    0.03180517351803953,
    0.027742838249537025,
    0.011093195073266929,
    0.01779447782059168,
    0.014150396734034718,
    0.022496876214352472,
    0.036813815008105044,
    0.1049618348479271,
    0.12022900581359863,
    0.11832061409950256,
    0.14694656431674957,
    0.125,
    0.10877862572669983,
    0.12118320912122726,
    0.15458014607429504,
    0.09217385202646255,
    0.4709760546684265,
    0.3600599467754364,
    0.8973016738891602,
    0.6100735664367676,
    1.2232898473739624,
    0.12467065453529358,
    0.6316499710083008,
    0.3256652355194092,
    1.1237437725067139,
    0.6798638105392456,
    1.5612010955810547,
    0.09165515750646591,
    0.47991636395454407,
    0.3593805730342865,
    0.887985110282898,
    0.608913004398346,
    1.2152154445648193,
    0.12463416159152985,
    0.47612833976745605,
    0.3255830407142639,
    0.7968998551368713,
    0.6797337532043457,
    1.0935226678848267,
    4.319877008530054,
    20.944860458374023,
    -1.6736981868743896,
    0.07026161998510361,
    0.0691414549946785,
    0.07312716543674469,
    0.07040303945541382,
    0.07887685298919678,
    0.07211119681596756,
    0.06797290593385696,
    0.06007219851016998,
    0.06264746189117432,
    0.055472441017627716,
    0.05214543640613556,
    0.04760894551873207,
    0.053872205317020416,
    0.05345539748668671,
    0.05555431544780731,
    0.057277362793684006
  ]
}