{
  "image_path": "Textures\\Im31.jpg",
  "image_name": "Im31.jpg",
  "shape_features": {
    "fourier_descriptors": [
      0.0,
      1.0,
      0.7209205538239776,
      0.36209550654467004,
      0.38792157839825114,
      0.16067221381669713,
      0.08897908230859398,
      0.12183837785696369,
      0.11404086989307563,
      0.06545124182101437,
      0.07408524493953307,
      0.08595281246515526,
      0.036577316577457955,
      0.011145748611413485,
      0.036414649860812116,
      0.06186774271313323,
      0.004471828439517387,
      0.00901673338116414,
      0.0381616970216631,
      0.04149256282288638
    ],
    "direction_histogram": [
      0.13636364042758942,
      0.0833333358168602,
      0.11363636702299118,
      0.19696970283985138,
      0.07575757801532745,
      0.11363636702299118,
      0.10606060922145844,
      0.17424242198467255
    ],
    "combined": [
      0.0,
      1.0,
      0.7209205538239776,
      0.36209550654467004,
      0.38792157839825114,
      0.16067221381669713,
      0.08897908230859398,
      0.12183837785696369,
      0.11404086989307563,
      0.06545124182101437,
      0.07408524493953307,
      0.08595281246515526,
      0.036577316577457955,
      0.011145748611413485,
      0.036414649860812116,
      0.06186774271313323,
      0.004471828439517387,
      0.00901673338116414,
      0.0381616970216631,
      0.04149256282288638,
      0.13636364042758942,
      0.0833333358168602,
      0.11363636702299118,
      0.19696970283985138,
      0.07575757801532745,
      0.11363636702299118,
      0.10606060922145844,
      0.17424242198467255
    ]
  },
  "texture_features": {
    "gabor_features": [
      0.08269438147544861,
      0.4457480311393738,
      0.32429438829421997,
      0.7685281038284302,
      0.5489428043365479,
      0.998553991317749,
      0.11235147714614868,
      0.546977162361145,
      0.29347389936447144,
      0.9308973550796509,
      0.6126621961593628,
      1.2716407775878906,
      0.08322708308696747,
      0.4285317361354828,
      0.32423800230026245,
      0.7644043564796448,
      0.5496183037757874,
      1.029008150100708,
      0.11232869327068329,
      0.4450768530368805,
      0.2934185862541199,
      0.7189875841140747,
      0.6124609708786011,
      0.9602839350700378
    ],
    "tamura_coarseness": 3.6309668128751644,
    "tamura_contrast": 14.889986038208008,
    "tamura_directionality": -1.6873514652252197,
    "tamura_direction_histogram": [
      0.06950629502534866,
      0.06887809932231903,
      0.06969214975833893,
      0.06486362218856812,
      0.07602611184120178,
      0.06865879148244858,
      0.06736895442008972,
      0.05828061327338219,
      0.06329871714115143,
      0.05797581002116203,
      0.05625106766819954,
      0.04956769943237305,
      0.05893482267856598,
      0.0558161661028862,
      0.05859284847974777,
      0.05628823861479759
    ],
    "combined": [
      0.08269438147544861,
      0.4457480311393738,
      0.32429438829421997,
      0.7685281038284302,
      0.5489428043365479,
      0.998553991317749,
      0.11235147714614868,
      0.546977162361145,
      0.29347389936447144,
      0.9308973550796509,
      0.6126621961593628,
      1.2716407775878906,
      0.08322708308696747,
      0.4285317361354828,
      0.32423800230026245,
      0.7644043564796448,
      0.5496183037757874,
      1.029008150100708,
      0.11232869327068329,
      0.4450768530368805,
      0.2934185862541199,
      0.7189875841140747,
      0.6124609708786011,
      0.9602839350700378,
      3.6309668128751644,
      14.889986038208008,
      -1.6873514652252197,
      0.06950629502534866,
      0.06887809932231903,
      0.06969214975833893,
      0.06486362218856812,
      0.07602611184120178,
      0.06865879148244858,
      0.06736895442008972,
      0.05828061327338219,
      0.06329871714115143,
      0.05797581002116203,
      0.05625106766819954,
      0.04956769943237305,
      0.05893482267856598,
      0.0558161661028862,
      0.05859284847974777,
      0.05628823861479759
    ]
  },
  "combined_feature_vector": [
    0.0,
    1.0,
    0.7209205538239776,
    0.36209550654467004,
    0.38792157839825114,
    0.16067221381669713,
    0.08897908230859398,
    0.12183837785696369,
    0.11404086989307563,
    0.06545124182101437,
    0.07408524493953307,
    0.08595281246515526,
    0.036577316577457955,
    0.011145748611413485,
    0.036414649860812116,
    0.06186774271313323,
    0.004471828439517387,
    0.00901673338116414,
    0.0381616970216631,
    0.04149256282288638,
    0.13636364042758942,
    0.0833333358168602,
    0.11363636702299118,
    0.19696970283985138,
    0.07575757801532745,
    0.11363636702299118,
    0.10606060922145844,
    0.17424242198467255,
    0.08269438147544861,
    0.4457480311393738,
    0.32429438829421997,
    0.7685281038284302,
    0.5489428043365479,
    0.998553991317749,
    0.11235147714614868,
    0.546977162361145,
    0.29347389936447144,
    0.9308973550796509,
    0.6126621961593628,
    1.2716407775878906,
    0.08322708308696747,
    0.4285317361354828,
    0.32423800230026245,
    0.7644043564796448,
    0.5496183037757874,
    1.029008150100708,
    0.11232869327068329,
    0.4450768530368805,
    0.2934185862541199,
    0.7189875841140747,
    0.6124609708786011,
    0.9602839350700378,
    3.6309668128751644,
    14.889986038208008,
    -1.6873514652252197,
    0.06950629502534866,
    0.06887809932231903,
    0.06969214975833893,
    0.06486362218856812,
    0.07602611184120178,
    0.06865879148244858,
    0.06736895442008972,
    0.05828061327338219,
    0.06329871714115143,
    0.05797581002116203,
    0.05625106766819954,
    0.04956769943237305,
    0.05893482267856598,
    0.0558161661028862,
    0.05859284847974777,
    0.05628823861479759
  ]
}