{
  "image_path": "Textures\\Im32.jpg",
  "image_name": "Im32.jpg",
  "shape_features": {
    "fourier_descriptors": [
      0.0,
      1.0,
      0.3714804263730803,
      0.4742641210429436,
      0.1799070163628851,
      0.24016574195163012,
      0.15891687739426646,
      0.08196874101540695,
      0.0367436328497027,
      0.0505071453686153,
      0.08029233395869162,
      0.04145863278272863,
      0.06186684625104745,
      0.055747111375281516,
      0.11923400311145128,
      0.0749790281111095,
      0.016183175281139158,
      0.05586548920495947,
      0.010665146398103642,
      0.048529339996207815
    ],
    "direction_histogram": [
      0.11988568305969238,
      0.12409747391939163,
      0.12936221063137054,
      0.12108904868364334,
      0.13101685047149658,
      0.12274368107318878,
      0.12078820914030075,
      0.13101685047149658
    ],
    "combined": [
      0.0,
      1.0,
      0.3714804263730803,
      0.4742641210429436,
      0.1799070163628851,
      0.24016574195163012,
      0.15891687739426646,
      0.08196874101540695,
      0.0367436328497027,
      0.0505071453686153,
      0.08029233395869162,
      0.04145863278272863,
      0.06186684625104745,
      0.055747111375281516,
      0.11923400311145128,
      0.0749790281111095,
      0.016183175281139158,
      0.05586548920495947,
      0.010665146398103642,
      0.048529339996207815,
      0.11988568305969238,
      0.12409747391939163,
      0.12936221063137054,
      0.12108904868364334,
      0.13101685047149658,
      0.12274368107318878,
      0.12078820914030075,
      0.13101685047149658
    ]
  },
  "texture_features": {
    "gabor_features": [
      0.13077320158481598,
      0.7633247375488281,
      0.510024905204773,
      1.2623223066329956,
      0.8631482124328613,
      1.3194197416305542,
      0.17652398347854614,
      1.1171473264694214,
      0.4611271321773529,
      2.150034189224243,
      0.9625707864761353,
      2.417701005935669,
      0.13075058162212372,
      0.7893314361572266,
      0.5086825489997864,
      1.4699643850326538,
      0.8627322316169739,
      1.9828640222549438,
      0.17652617394924164,
      1.0886577367782593,
      0.46113553643226624,
      2.1341359615325928,
      0.9627388119697571,
      2.3943817615509033
    ],
    "tamura_coarseness": 2.3754050073637702,
    "tamura_contrast": 24.541152954101562,
    "tamura_directionality": -1.726722240447998,
    "tamura_direction_histogram": [
      0.0685969814658165,
      0.06296833604574203,
      0.06154678389430046,
      0.057477813214063644,
      0.06280143558979034,
      0.061005789786577225,
      0.060297891497612,
      0.059532441198825836,
      0.06735384464263916,
      0.060654718428850174,
      0.06272085756063461,
      0.05992380157113075,
      0.06623157113790512,
      0.06399276852607727,
      0.06307768821716309,
      0.06181728094816208
    ],
    "combined": [
      0.13077320158481598,
      0.7633247375488281,
      0.510024905204773,
      1.2623223066329956,
      0.8631482124328613,
      1.3194197416305542,
      0.17652398347854614,
      1.1171473264694214,
      0.4611271321773529,
      2.150034189224243,
      0.9625707864761353,
      2.417701005935669,
      0.13075058162212372,
      0.7893314361572266,
      0.5086825489997864,
      1.4699643850326538,
      0.8627322316169739,
      1.9828640222549438,
      0.17652617394924164,
      1.0886577367782593,
      0.46113553643226624,
      2.1341359615325928,
      0.9627388119697571,
      2.3943817615509033,
      2.3754050073637702,
      24.541152954101562,
      -1.726722240447998,
      0.0685969814658165,
      0.06296833604574203,
      0.06154678389430046,
      0.057477813214063644,
      0.06280143558979034,
      0.061005789786577225,
      0.060297891497612,
      0.059532441198825836,
      0.06735384464263916,
      0.060654718428850174,
      0.06272085756063461,
      0.05992380157113075,
      0.06623157113790512,
      0.06399276852607727,
      0.06307768821716309,
      0.06181728094816208
    ]
  },
  "combined_feature_vector": [
    0.0,
    1.0,
    0.3714804263730803,
    0.4742641210429436,
    0.1799070163628851,
    0.24016574195163012,
    0.15891687739426646,
    0.08196874101540695,
    0.0367436328497027,
    0.0505071453686153,
    0.08029233395869162,
    0.04145863278272863,
    0.06186684625104745,
    0.055747111375281516,
    0.11923400311145128,
    0.0749790281111095,
    0.016183175281139158,
    0.05586548920495947,
    0.010665146398103642,
    0.048529339996207815,
    0.11988568305969238,
    0.12409747391939163,
    0.12936221063137054,
    0.12108904868364334,
    0.13101685047149658,
    0.12274368107318878,
    0.12078820914030075,
    0.13101685047149658,
    0.13077320158481598,
    0.7633247375488281,
    0.510024905204773,
    1.2623223066329956,
    0.8631482124328613,
    1.3194197416305542,
    0.17652398347854614,
    1.1171473264694214,
    0.4611271321773529,
    2.150034189224243,
    0.9625707864761353,
    2.417701005935669,
    0.13075058162212372,
    0.7893314361572266,
    0.5086825489997864,
    1.4699643850326538,
    0.8627322316169739,
    1.9828640222549438,
    0.17652617394924164,
    1.0886577367782593,
    0.46113553643226624,
    2.1341359615325928,
    0.9627388119697571,
    2.3943817615509033,
    2.3754050073637702,
    24.541152954101562,
    -1.726722240447998,
    0.0685969814658165,
    0.06296833604574203,
    0.06154678389430046,
    0.057477813214063644,
    0.06280143558979034,
    0.061005789786577225,
    0.060297891497612,
    0.059532441198825836,
    0.06735384464263916,
    0.060654718428850174,
    0.06272085756063461,
    0.05992380157113075,
    0.06623157113790512,
    0.06399276852607727,
    0.06307768821716309,
    0.06181728094816208
  ]
}