{
  "image_path": "Textures\\Im33.jpg",
  "image_name": "Im33.jpg",
  "shape_features": {
    "fourier_descriptors": [
      0.0,
      1.0,
      0.24801296828172267,
      0.9823402712072882,
      0.2986256016007682,
      0.13417910924659668,
      0.09441370404416799,
      0.1450328579926639,
      0.13784484601405977,
      0.0811216644076856,
      0.2405128868502885,
      0.038896307538931175,
      0.17173837830057564,
      0.04183795448384873,
      0.09392276990566484,
      0.16574164203549996,
      0.10210456965922313,
      0.05121134890204784,
      0.04034029891219898,
      0.02368599864989208
    ],
    "direction_histogram": [
      0.11803902685642242,
      0.09638267755508423,
      0.18538790941238403,
      0.10042836517095566,
      0.11756306886672974,
      0.10161827504634857,
      0.1751546859741211,
      0.10542599111795425
    ],
    "combined": [
      0.0,
      1.0,
      0.24801296828172267,
      0.9823402712072882,
      0.2986256016007682,
      0.13417910924659668,
      0.09441370404416799,
      0.1450328579926639,
      0.13784484601405977,
      0.0811216644076856,
      0.2405128868502885,
      0.038896307538931175,
      0.17173837830057564,
      0.04183795448384873,
      0.09392276990566484,
      0.16574164203549996,
      0.10210456965922313,
      0.05121134890204784,
      0.04034029891219898,
      0.02368599864989208,
      0.11803902685642242,
      0.09638267755508423,
      0.18538790941238403,
      0.10042836517095566,
      0.11756306886672974,
      0.10161827504634857,
      0.1751546859741211,
      0.10542599111795425
    ]
  },
  "texture_features": {
    "gabor_features": [
      0.09555447846651077,
      0.8080576062202454,
      0.3702660799026489,
      1.4827147722244263,
      0.6278563737869263,
      2.0373449325561523,
      0.12823966145515442,
      0.6924140453338623,
      0.33497923612594604,
      1.2984247207641602,
      0.6992899775505066,
      1.7036170959472656,
      0.09495476633310318,
      0.663677453994751,
      0.37070491909980774,
      1.2123788595199585,
      0.6270350217819214,
      1.528217077255249,
      0.1282704621553421,
      0.689765214920044,
      0.3350391387939453,
      1.4599016904830933,
      0.6992465257644653,
      1.8421202898025513
    ],
    "tamura_coarseness": 4.619968178202068,
    "tamura_contrast": 29.359485626220703,
    "tamura_directionality": -1.8773174285888672,
    "tamura_direction_histogram": [
      0.08159555494785309,
      0.07306495308876038,
      0.06829925626516342,
      0.05754920467734337,
      0.06116432696580887,
      0.06013629958033562,
      0.060823921114206314,
      0.05554080381989479,
      0.06389439105987549,
      0.05677307769656181,
      0.05633735656738281,
      0.05330773442983627,
      0.06136176362633705,
      0.06053117290139198,
      0.06456159055233002,
      0.06505858153104782
    ],
    "combined": [
      0.09555447846651077,
      0.8080576062202454,
      0.3702660799026489,
      1.4827147722244263,
      0.6278563737869263,
      2.0373449325561523,
      0.12823966145515442,
      0.6924140453338623,
      0.33497923612594604,
      1.2984247207641602,
      0.6992899775505066,
      1.7036170959472656,
      0.09495476633310318,
      0.663677453994751,
      0.37070491909980774,
      1.2123788595199585,
      0.6270350217819214,
      1.528217077255249,
      0.1282704621553421,
      0.689765214920044,
      0.3350391387939453,
      1.4599016904830933,
      0.6992465257644653,
      1.8421202898025513,
      4.619968178202068,
      29.359485626220703,
      -1.8773174285888672,
      0.08159555494785309,
      0.07306495308876038,
      0.06829925626516342,
      0.05754920467734337,
      0.06116432696580887,
      0.06013629958033562,
      0.060823921114206314,
      0.05554080381989479,
      0.06389439105987549,
      0.05677307769656181,
      0.05633735656738281,
      0.05330773442983627,
      0.06136176362633705,
      0.06053117290139198,
      0.06456159055233002,
      0.06505858153104782
    ]
  },
  "combined_feature_vector": [
    0.0,
    1.0,
    0.24801296828172267,
    0.9823402712072882,
    0.2986256016007682,
    0.13417910924659668,
    0.09441370404416799,
    0.1450328579926639,
    0.13784484601405977,
    0.0811216644076856,
    0.2405128868502885,
    0.038896307538931175,
    0.17173837830057564,
    0.04183795448384873,
    0.09392276990566484,
    0.16574164203549996,
    0.10210456965922313,
    0.05121134890204784,
    0.04034029891219898,
    0.02368599864989208,
    0.11803902685642242,
    0.09638267755508423,
    0.18538790941238403,
    0.10042836517095566,
    0.11756306886672974,
    0.10161827504634857,
    0.1751546859741211,
    0.10542599111795425,
    0.09555447846651077,
    0.8080576062202454,
    0.3702660799026489,
    1.4827147722244263,
    0.6278563737869263,
    2.0373449325561523,
    0.12823966145515442,
    0.6924140453338623,
    0.33497923612594604,
    1.2984247207641602,
    0.6992899775505066,
    1.7036170959472656,
    0.09495476633310318,
    0.663677453994751,
    0.37070491909980774,
    1.2123788595199585,
    0.6270350217819214,
    1.528217077255249,
    0.1282704621553421,
    0.689765214920044,
    0.3350391387939453,
    1.4599016904830933,
    0.6992465257644653,
    1.8421202898025513,
    4.619968178202068,
    29.359485626220703,
    -1.8773174285888672,
    0.08159555494785309,
    0.07306495308876038,
    0.06829925626516342,
    0.05754920467734337,
    0.06116432696580887,
    0.06013629958033562,
    0.060823921114206314,
    0.05554080381989479,
    0.06389439105987549,
    0.05677307769656181,
    0.05633735656738281,
    0.05330773442983627,
    0.06136176362633705,
    0.06053117290139198,
    0.06456159055233002,
    0.06505858153104782
  ]
}