{
  "image_path": "Textures\\Im34.jpg",
  "image_name": "Im34.jpg",
  "shape_features": {
    "fourier_descriptors": [
      0.0,
      1.0,
      0.35249050654356673,
      0.19123563206949323,
      0.2550186402870848,
      0.06306492969984889,
      0.02479564939201457,
      0.07939121815333328,
      0.08594375670672515,
      0.08028692662684732,
      0.01536235919238936,
      0.07366046316049053,
      0.07847105013943083,
      0.04393389500575581,
      0.09121207390054256,
      0.031608608953454735,
      0.060271458473946556,
      0.09371165400531714,
      0.04066735092151588,
      0.025370277619249117
    ],
    "direction_histogram": [
      0.13022848963737488,
      0.10659664869308472,
      0.14672009646892548,
      0.11318407952785492,
      0.1367698609828949,
      0.09397456794977188,
      0.16537681221961975,
      0.10714943706989288
    ],
    "combined": [
      0.0,
      1.0,
      0.35249050654356673,
      0.19123563206949323,
      0.2550186402870848,
      0.06306492969984889,
      0.02479564939201457,
      0.07939121815333328,
      0.08594375670672515,
      0.08028692662684732,
      0.01536235919238936,
      0.07366046316049053,
      0.07847105013943083,
      0.04393389500575581,
      0.09121207390054256,
      0.031608608953454735,
      0.060271458473946556,
      0.09371165400531714,
      0.04066735092151588,
      0.025370277619249117,
      0.13022848963737488,
      0.10659664869308472,
      0.14672009646892548,
      0.11318407952785492,
      0.1367698609828949,
      0.09397456794977188,
      0.16537681221961975,
      0.10714943706989288
    ]
  },
  "texture_features": {
    "gabor_features": [
      0.13624347746372223,
      1.408255934715271,
      0.5323559045791626,
      1.8755282163619995,
      0.9021140336990356,
      2.089564085006714,
      0.18446986377239227,
      1.1221750974655151,
      0.48191675543785095,
      2.036792278289795,
      1.0060173273086548,
      2.8934924602508545,
      0.13606086373329163,
      1.2031000852584839,
      0.5321128368377686,
      1.7256865501403809,
      0.9027903079986572,
      2.0253992080688477,
      0.184671550989151,
      1.153691291809082,
      0.48245900869369507,
      2.16096830368042,
      1.0073070526123047,
      3.115243673324585
    ],
    "tamura_coarseness": 3.279890687297019,
    "tamura_contrast": 39.42039108276367,
    "tamura_directionality": -2.022674560546875,
    "tamura_direction_histogram": [
      0.08279160410165787,
      0.0748947411775589,
      0.07305959612131119,
      0.061260662972927094,
      0.05717043578624725,
      0.05135686323046684,
      0.05485264211893082,
      0.06118430942296982,
      0.061988722532987595,
      0.050887852907180786,
      0.04763203114271164,
      0.04934992641210556,
      0.06218232586979866,
      0.0655335858464241,
      0.07143441587686539,
      0.07442028075456619
    ],
    "combined": [
      0.13624347746372223,
      1.408255934715271,
      0.5323559045791626,
      1.8755282163619995,
      0.9021140336990356,
      2.089564085006714,
      0.18446986377239227,
      1.1221750974655151,
      0.48191675543785095,
      2.036792278289795,
      1.0060173273086548,
      2.8934924602508545,
      0.13606086373329163,
      1.2031000852584839,
      0.5321128368377686,
      1.7256865501403809,
      0.9027903079986572,
      2.0253992080688477,
      0.184671550989151,
      1.153691291809082,
      0.48245900869369507,
      2.16096830368042,
      1.0073070526123047,
      3.115243673324585,
      3.279890687297019,
      39.42039108276367,
      -2.022674560546875,
      0.08279160410165787,
      0.0748947411775589,
      0.07305959612131119,
      0.061260662972927094,
      0.05717043578624725,
      0.05135686323046684,
      0.05485264211893082,
      0.06118430942296982,
      0.061988722532987595,
      0.050887852907180786,
      0.04763203114271164,
      0.04934992641210556,
      0.06218232586979866,
      0.0655335858464241,
      0.07143441587686539,
      0.07442028075456619
    ]
  },
  "combined_feature_vector": [
    0.0,
    1.0,
    0.35249050654356673,
    0.19123563206949323,
    0.2550186402870848,
    0.06306492969984889,
    0.02479564939201457,
    0.07939121815333328,
    0.08594375670672515,
    0.08028692662684732,
    0.01536235919238936,
    0.07366046316049053,
    0.07847105013943083,
    0.04393389500575581,
    0.09121207390054256,
    0.031608608953454735,
    0.060271458473946556,
    0.09371165400531714,
    0.04066735092151588,
    0.025370277619249117,
    0.13022848963737488,
    0.10659664869308472,
    0.14672009646892548,
    0.11318407952785492,
    0.1367698609828949,
    0.09397456794977188,
    0.16537681221961975,
    0.10714943706989288,
    0.13624347746372223,
    1.408255934715271,
    0.5323559045791626,
    1.8755282163619995,
    0.9021140336990356,
    2.089564085006714,
    0.18446986377239227,
    1.1221750974655151,
    0.48191675543785095,
    2.036792278289795,
    1.0060173273086548,
    2.8934924602508545,
    0.13606086373329163,
    1.2031000852584839,
    0.5321128368377686,
    1.7256865501403809,
    0.9027903079986572,
    2.0253992080688477,
    0.184671550989151,
    1.153691291809082,
    0.48245900869369507,
    2.16096830368042,
    1.0073070526123047,
    3.115243673324585,
    3.279890687297019,
    39.42039108276367,
    -2.022674560546875,
    0.08279160410165787,
    0.0748947411775589,
    0.07305959612131119,
    0.061260662972927094,
    0.05717043578624725,
    0.05135686323046684,
    0.05485264211893082,
    0.06118430942296982,
    0.061988722532987595,
    0.050887852907180786,
    0.04763203114271164,
    0.04934992641210556,
    0.06218232586979866,
    0.0655335858464241,
    0.07143441587686539,
    0.07442028075456619
  ]
}