{
  "image_path": "Textures\\Im35.jpg",
  "image_name": "Im35.jpg",
  "shape_features": {
    "fourier_descriptors": [
      0.0,
      1.0,
      3.5387480188829588,
      1.268396173231318,
      2.2561460718090007,
      0.8457817245114072,
      0.8087282275235791,
      0.5051715111299077,
      1.7891824583128737,
      0.5959746761096227,
      0.688048650713896,
      0.12135025877453183,
      0.620545426154254,
      0.4679766526618385,
      0.3235970979082504,
      0.4922661834967679,
      0.11257887709649539,
      0.23342210548841671,
      0.31635808675740734,
      0.16289125082136616
    ],
    "direction_histogram": [
      0.07870695739984512,
      0.09416725486516953,
      0.21995782852172852,
      0.10564535111188889,
      0.08175216615200043,
      0.08620285987854004,
      0.2326071709394455,
      0.10096041113138199
    ],
    "combined": [
      0.0,
      1.0,
      3.5387480188829588,
      1.268396173231318,
      2.2561460718090007,
      0.8457817245114072,
      0.8087282275235791,
      0.5051715111299077,
      1.7891824583128737,
      0.5959746761096227,
      0.688048650713896,
      0.12135025877453183,
      0.620545426154254,
      0.4679766526618385,
      0.3235970979082504,
      0.4922661834967679,
      0.11257887709649539,
      0.23342210548841671,
      0.31635808675740734,
      0.16289125082136616,
      0.07870695739984512,
      0.09416725486516953,
      0.21995782852172852,
      0.10564535111188889,
      0.08175216615200043,
      0.08620285987854004,
      0.2326071709394455,
      0.10096041113138199
    ]
  },
  "texture_features": {
    "gabor_features": [
      0.13440899550914764,
      0.17495590448379517,
      0.5246307253837585,
      0.472413033246994,
      0.888644814491272,
      0.9535370469093323,
      0.18177509307861328,
      0.2012539803981781,
      0.47485730051994324,
      0.5596893429756165,
      0.9912525415420532,
      0.9243950247764587,
      0.13419829308986664,
      0.15910552442073822,
      0.524750828742981,
      0.35484737157821655,
      0.8899168372154236,
      0.5798694491386414,
      0.18180543184280396,
      0.15661071240901947,
      0.47495120763778687,
      0.4588835835456848,
      0.9915366172790527,
      0.7523028254508972
    ],
    "tamura_coarseness": 8.858941666666666,
    "tamura_contrast": 15.717550277709961,
    "tamura_directionality": -2.1657803058624268,
    "tamura_direction_histogram": [
      0.1004401296377182,
      0.08099041879177094,
      0.0724538192152977,
      0.055483583360910416,
      0.07131274789571762,
      0.06178092956542969,
      0.056427326053380966,
      0.042768772691488266,
      0.0558525025844574,
      0.04648369550704956,
      0.04615767300128937,
      0.038316018879413605,
      0.05792015790939331,
      0.06136053428053856,
      0.07560249418020248,
      0.07664919644594193
    ],
    "combined": [
      0.13440899550914764,
      0.17495590448379517,
      0.5246307253837585,
      0.472413033246994,
      0.888644814491272,
      0.9535370469093323,
      0.18177509307861328,
      0.2012539803981781,
      0.47485730051994324,
      0.5596893429756165,
      0.9912525415420532,
      0.9243950247764587,
      0.13419829308986664,
      0.15910552442073822,
      0.524750828742981,
      0.35484737157821655,
      0.8899168372154236,
      0.5798694491386414,
      0.18180543184280396,
      0.15661071240901947,
      0.47495120763778687,
      0.4588835835456848,
      0.9915366172790527,
      0.7523028254508972,
      8.858941666666666,
      15.717550277709961,
      -2.1657803058624268,
      0.1004401296377182,
      0.08099041879177094,
      0.0724538192152977,
      0.055483583360910416,
      0.07131274789571762,
      0.06178092956542969,
      0.056427326053380966,
      0.042768772691488266,
      0.0558525025844574,
      0.04648369550704956,
      0.04615767300128937,
      0.038316018879413605,
      0.05792015790939331,
      0.06136053428053856,
      0.07560249418020248,
      0.07664919644594193
    ]
  },
  "combined_feature_vector": [
    0.0,
    1.0,
    3.5387480188829588,
    1.268396173231318,
    2.2561460718090007,
    0.8457817245114072,
    0.8087282275235791,
    0.5051715111299077,
    1.7891824583128737,
    0.5959746761096227,
    0.688048650713896,
    0.12135025877453183,
    0.620545426154254,
    0.4679766526618385,
    0.3235970979082504,
    0.4922661834967679,
    0.11257887709649539,
    0.23342210548841671,
    0.31635808675740734,
    0.16289125082136616,
    0.07870695739984512,
    0.09416725486516953,
    0.21995782852172852,
    0.10564535111188889,
    0.08175216615200043,
    0.08620285987854004,
    0.2326071709394455,
    0.10096041113138199,
    0.13440899550914764,
    0.17495590448379517,
    0.5246307253837585,
    0.472413033246994,
    0.888644814491272,
    0.9535370469093323,
    0.18177509307861328,
    0.2012539803981781,
    0.47485730051994324,
    0.5596893429756165,
    0.9912525415420532,
    0.9243950247764587,
    0.13419829308986664,
    0.15910552442073822,
    0.524750828742981,
    0.35484737157821655,
    0.8899168372154236,
    0.5798694491386414,
    0.18180543184280396,
    0.15661071240901947,
    0.47495120763778687,
    0.4588835835456848,
    0.9915366172790527,
    0.7523028254508972,
    8.858941666666666,
    15.717550277709961,
    -2.1657803058624268,
    0.1004401296377182,
    0.08099041879177094,
    0.0724538192152977,
    0.055483583360910416,
    0.07131274789571762,
    0.06178092956542969,
    0.056427326053380966,
    0.042768772691488266,
    0.0558525025844574,
    0.04648369550704956,
    0.04615767300128937,
    0.038316018879413605,
    0.05792015790939331,
    0.06136053428053856,
    0.07560249418020248,
    0.07664919644594193
  ]
}