{
  "image_path": "Textures\\Im36.jpg",
  "image_name": "Im36.jpg",
  "shape_features": {
    "fourier_descriptors": [
      0.0,
      1.0,
      0.38422955168117384,
      0.4166880779250864,
      0.6895460334158191,
      0.5184728959224417,
      0.28321883878767795,
      0.32124678470382056,
      0.20342542367133407,
      0.3419211059253256,
      0.3064600406114548,
      0.40505132345465583,
      0.18126789212077057,
      0.2539749541590381,
      0.10046092501835804,
      0.23249092018199058,
      0.11907173234084914,
      0.14401009634204584,
      0.3877907262381135,
      0.345768206909505
    ],
    "direction_histogram": [
      0.1474040001630783,
      0.10308891534805298,
      0.13886019587516785,
      0.1075955331325531,
      0.15350671112537384,
      0.09980283677577972,
      0.1392357498407364,
      0.11050605773925781
    ],
    "combined": [
      0.0,
      1.0,
      0.38422955168117384,
      0.4166880779250864,
      0.6895460334158191,
      0.5184728959224417,
      0.28321883878767795,
      0.32124678470382056,
      0.20342542367133407,
      0.3419211059253256,
      0.3064600406114548,
      0.40505132345465583,
      0.18126789212077057,
      0.2539749541590381,
      0.10046092501835804,
      0.23249092018199058,
      0.11907173234084914,
      0.14401009634204584,
      0.3877907262381135,
      0.345768206909505,
      0.1474040001630783,
      0.10308891534805298,
      0.13886019587516785,
      0.1075955331325531,
      0.15350671112537384,
      0.09980283677577972,
      0.1392357498407364,
      0.11050605773925781
    ]
  },
  "texture_features": {
    "gabor_features": [
      0.12345719337463379,
      0.22808252274990082,
      0.4818223714828491,
      0.5664477944374084,
      0.8165866136550903,
      0.9000811576843262,
      0.16706804931163788,
      0.2488318532705307,
      0.4364560544490814,
      0.649165153503418,
      0.911190390586853,
      1.026455283164978,
      0.12350285798311234,
      0.26186466217041016,
      0.4817849099636078,
      0.6446133852005005,
      0.8165838122367859,
      1.0764418840408325,
      0.16701270639896393,
      0.23606224358081818,
      0.4362815320491791,
      0.6507138013839722,
      0.9106930494308472,
      1.048366904258728
    ],
    "tamura_coarseness": 7.904404296875,
    "tamura_contrast": 18.636608123779297,
    "tamura_directionality": -1.6149380207061768,
    "tamura_direction_histogram": [
      0.06731405109167099,
      0.06487549841403961,
      0.06427421420812607,
      0.05027091130614281,
      0.06761469691991806,
      0.06565049290657043,
      0.06509263068437576,
      0.05689174681901932,
      0.07582560181617737,
      0.06981941312551498,
      0.06383661180734634,
      0.04928547143936157,
      0.06673280894756317,
      0.06192585453391075,
      0.059290215373039246,
      0.05129978060722351
    ],
    "combined": [
      0.12345719337463379,
      0.22808252274990082,
      0.4818223714828491,
      0.5664477944374084,
      0.8165866136550903,
      0.9000811576843262,
      0.16706804931163788,
      0.2488318532705307,
      0.4364560544490814,
      0.649165153503418,
      0.911190390586853,
      1.026455283164978,
      0.12350285798311234,
      0.26186466217041016,
      0.4817849099636078,
      0.6446133852005005,
      0.8165838122367859,
      1.0764418840408325,
      0.16701270639896393,
      0.23606224358081818,
      0.4362815320491791,
      0.6507138013839722,
      0.9106930494308472,
      1.048366904258728,
      7.904404296875,
      18.636608123779297,
      -1.6149380207061768,
      0.06731405109167099,
      0.06487549841403961,
      0.06427421420812607,
      0.05027091130614281,
      0.06761469691991806,
      0.06565049290657043,
      0.06509263068437576,
      0.05689174681901932,
      0.07582560181617737,
      0.06981941312551498,
      0.06383661180734634,
      0.04928547143936157,
      0.06673280894756317,
      0.06192585453391075,
      0.059290215373039246,
      0.05129978060722351
    ]
  },
  "combined_feature_vector": [
    0.0,
    1.0,
    0.38422955168117384,
    0.4166880779250864,
    0.6895460334158191,
    0.5184728959224417,
    0.28321883878767795,
    0.32124678470382056,
    0.20342542367133407,
    0.3419211059253256,
    0.3064600406114548,
    0.40505132345465583,
    0.18126789212077057,
    0.2539749541590381,
    0.10046092501835804,
    0.23249092018199058,
    0.11907173234084914,
    0.14401009634204584,
    0.3877907262381135,
    0.345768206909505,
    0.1474040001630783,
    0.10308891534805298,
    0.13886019587516785,
    0.1075955331325531,
    0.15350671112537384,
    0.09980283677577972,
    0.1392357498407364,
    0.11050605773925781,
    0.12345719337463379,
    0.22808252274990082,
    0.4818223714828491,
    0.5664477944374084,
    0.8165866136550903,
    0.9000811576843262,
    0.16706804931163788,
    0.2488318532705307,
    0.4364560544490814,
    0.649165153503418,
    0.911190390586853,
    1.026455283164978,
    0.12350285798311234,
    0.26186466217041016,
    0.4817849099636078,
    0.6446133852005005,
    0.8165838122367859,
    1.0764418840408325,
    0.16701270639896393,
    0.23606224358081818,
    0.4362815320491791,
    0.6507138013839722,
    0.9106930494308472,
    1.048366904258728,
    7.904404296875,
    18.636608123779297,
    -1.6149380207061768,
    0.06731405109167099,
    0.06487549841403961,
    0.06427421420812607,
    0.05027091130614281,
    0.06761469691991806,
    0.06565049290657043,
    0.06509263068437576,
    0.05689174681901932,
    0.07582560181617737,
    0.06981941312551498,
    0.06383661180734634,
    0.04928547143936157,
    0.06673280894756317,
    0.06192585453391075,
    0.059290215373039246,
    0.05129978060722351
  ]
}