{
  "image_path": "Textures\\Im37.jpg",
  "image_name": "Im37.jpg",
  "shape_features": {
    "fourier_descriptors": [
      0.0,
      1.0,
      0.1803823178386864,
      0.11968950422904888,
      0.041515779016433225,
      0.04410369762726178,
      0.007053372362867068,
      0.025500992211151884,
      0.022173688474994513,
      0.05787798282181187,
      0.012665163539347213,
      0.033177937126719584,
      0.04133735351334734,
      0.013872870967049655,
      0.04035313646947758,
      0.047877743065843956,
      0.04165386790450246,
      0.01470716742071628,
      0.04065881539787678,
      0.024360817436909182
    ],
    "direction_histogram": [
      0.1710769236087799,
      0.10830768942832947,
      0.11999999731779099,
      0.0978461503982544,
      0.1766153872013092,
      0.11384615302085876,
      0.10276923328638077,
      0.10953845828771591
    ],
    "combined": [
      0.0,
      1.0,
      0.1803823178386864,
      0.11968950422904888,
      0.041515779016433225,
      0.04410369762726178,
      0.007053372362867068,
      0.025500992211151884,
      0.022173688474994513,
      0.05787798282181187,
      0.012665163539347213,
      0.033177937126719584,
      0.04133735351334734,
      0.013872870967049655,
      0.04035313646947758,
      0.047877743065843956,
      0.04165386790450246,
      0.01470716742071628,
      0.04065881539787678,
      0.024360817436909182,
      0.1710769236087799,
      0.10830768942832947,
      0.11999999731779099,
      0.0978461503982544,
      0.1766153872013092,
      0.11384615302085876,
      0.10276923328638077,
      0.10953845828771591
    ]
  },
  "texture_features": {
    "gabor_features": [
      0.1248716190457344,
      0.11257313191890717,
      0.4874805212020874,
      0.3533950448036194,
      0.8263005614280701,
      0.6439945101737976,
      0.16905583441257477,
      0.12413668632507324,
      0.44161859154701233,
      0.41230928897857666,
      0.9218649864196777,
      0.719054639339447,
      0.1248408779501915,
      0.11368226259946823,
      0.4873231053352356,
      0.29725390672683716,
      0.8257918953895569,
      0.585903525352478,
      0.1689622551202774,
      0.10847420990467072,
      0.44139596819877625,
      0.3330562114715576,
      0.9215258359909058,
      0.6321867108345032
    ],
    "tamura_coarseness": 10.407468039772727,
    "tamura_contrast": 27.54377555847168,
    "tamura_directionality": -1.493053674697876,
    "tamura_direction_histogram": [
      0.06986653059720993,
      0.05982010439038277,
      0.06415742635726929,
      0.049005910754203796,
      0.07997117936611176,
      0.07431665062904358,
      0.07207158207893372,
      0.058386459946632385,
      0.08189968764781952,
      0.06511803716421127,
      0.06529997289180756,
      0.04308939725160599,
      0.06371714174747467,
      0.055486422032117844,
      0.05375804007053375,
      0.04403545707464218
    ],
    "combined": [
      0.1248716190457344,
      0.11257313191890717,
      0.4874805212020874,
      0.3533950448036194,
      0.8263005614280701,
      0.6439945101737976,
      0.16905583441257477,
      0.12413668632507324,
      0.44161859154701233,
      0.41230928897857666,
      0.9218649864196777,
      0.719054639339447,
      0.1248408779501915,
      0.11368226259946823,
      0.4873231053352356,
      0.29725390672683716,
      0.8257918953895569,
      0.585903525352478,
      0.1689622551202774,
      0.10847420990467072,
      0.44139596819877625,
      0.3330562114715576,
      0.9215258359909058,
      0.6321867108345032,
      10.407468039772727,
      27.54377555847168,
      -1.493053674697876,
      0.06986653059720993,
      0.05982010439038277,
      0.06415742635726929,
      0.049005910754203796,
      0.07997117936611176,
      0.07431665062904358,
      0.07207158207893372,
      0.058386459946632385,
      0.08189968764781952,
      0.06511803716421127,
      0.06529997289180756,
      0.04308939725160599,
      0.06371714174747467,
      0.055486422032117844,
      0.05375804007053375,
      0.04403545707464218
    ]
  },
  "combined_feature_vector": [
    0.0,
    1.0,
    0.1803823178386864,
    0.11968950422904888,
    0.041515779016433225,
    0.04410369762726178,
    0.007053372362867068,
    0.025500992211151884,
    0.022173688474994513,
    0.05787798282181187,
    0.012665163539347213,
    0.033177937126719584,
    0.04133735351334734,
    0.013872870967049655,
    0.04035313646947758,
    0.047877743065843956,
    0.04165386790450246,
    0.01470716742071628,
    0.04065881539787678,
    0.024360817436909182,
    0.1710769236087799,
    0.10830768942832947,
    0.11999999731779099,
    0.0978461503982544,
    0.1766153872013092,
    0.11384615302085876,
    0.10276923328638077,
    0.10953845828771591,
    0.1248716190457344,
    0.11257313191890717,
    0.4874805212020874,
    0.3533950448036194,
    0.8263005614280701,
    0.6439945101737976,
    0.16905583441257477,
    0.12413668632507324,
    0.44161859154701233,
    0.41230928897857666,
    0.9218649864196777,
    0.719054639339447,
    0.1248408779501915,
    0.11368226259946823,
    0.4873231053352356,
    0.29725390672683716,
    0.8257918953895569,
    0.585903525352478,
    0.1689622551202774,
    0.10847420990467072,
    0.44139596819877625,
    0.3330562114715576,
    0.9215258359909058,
    0.6321867108345032,
    10.407468039772727,
    27.54377555847168,
    -1.493053674697876,
    0.06986653059720993,
    0.05982010439038277,
    0.06415742635726929,
    0.049005910754203796,
    0.07997117936611176,
    0.07431665062904358,
    0.07207158207893372,
    0.058386459946632385,
    0.08189968764781952,
    0.06511803716421127,
    0.06529997289180756,
    0.04308939725160599,
    0.06371714174747467,
    0.055486422032117844,
    0.05375804007053375,
    0.04403545707464218
  ]
}