{
  "image_path": "Textures\\Im38.jpg",
  "image_name": "Im38.jpg",
  "shape_features": {
    "fourier_descriptors": [
      0.0,
      1.0,
      0.27728449913031855,
      0.3820448336941583,
      0.10330785124436678,
      0.35575077732846905,
      0.4384700184014867,
      0.1606353915031681,
      0.27295210275462556,
      0.05064921001287103,
      0.08424426330370831,
      0.10130308800114475,
      0.07046849901169214,
      0.0716843155327056,
      0.06446565970320077,
      0.03344999551239,
      0.0204282184966787,
      0.02056393164992766,
      0.07640040551093535,
      0.02102653660095201
    ],
    "direction_histogram": [
      0.0659995749592781,
      0.11028315871953964,
      0.2188630998134613,
      0.08111560344696045,
      0.11347668617963791,
      0.06834149360656738,
      0.2550564110279083,
      0.08686395734548569
    ],
    "combined": [
      0.0,
      1.0,
      0.27728449913031855,
      0.3820448336941583,
      0.10330785124436678,
      0.35575077732846905,
      0.4384700184014867,
      0.1606353915031681,
      0.27295210275462556,
      0.05064921001287103,
      0.08424426330370831,
      0.10130308800114475,
      0.07046849901169214,
      0.0716843155327056,
      0.06446565970320077,
      0.03344999551239,
      0.0204282184966787,
      0.02056393164992766,
      0.07640040551093535,
      0.02102653660095201,
      0.0659995749592781,
      0.11028315871953964,
      0.2188630998134613,
      0.08111560344696045,
      0.11347668617963791,
      0.06834149360656738,
      0.2550564110279083,
      0.08686395734548569
    ]
  },
  "texture_features": {
    "gabor_features": [
      0.1517183631658554,
      0.06011327728629112,
      0.5920690894126892,
      0.14981605112552643,
      1.003583550453186,
      0.22070950269699097,
      0.20532378554344177,
      0.11691716313362122,
      0.5363872051239014,
      0.24065539240837097,
      1.1197457313537598,
      0.4272218644618988,
      0.15172311663627625,
      0.05606755241751671,
      0.5920947194099426,
      0.13115760684013367,
      1.003629207611084,
      0.19341512024402618,
      0.2052818387746811,
      0.16499735414981842,
      0.5362821221351624,
      0.5213412642478943,
      1.119490385055542,
      0.6461297869682312
    ],
    "tamura_coarseness": 11.372581380208333,
    "tamura_contrast": 15.404195785522461,
    "tamura_directionality": -2.0911688804626465,
    "tamura_direction_histogram": [
      0.08337471634149551,
      0.06935865432024002,
      0.06276772171258926,
      0.04124707728624344,
      0.08226905018091202,
      0.05807363614439964,
      0.04607027396559715,
      0.024874040856957436,
      0.04527909681200981,
      0.04070749133825302,
      0.05034394562244415,
      0.050612084567546844,
      0.10865923762321472,
      0.10467025637626648,
      0.08342436701059341,
      0.04826835170388222
    ],
    "combined": [
      0.1517183631658554,
      0.06011327728629112,
      0.5920690894126892,
      0.14981605112552643,
      1.003583550453186,
      0.22070950269699097,
      0.20532378554344177,
      0.11691716313362122,
      0.5363872051239014,
      0.24065539240837097,
      1.1197457313537598,
      0.4272218644618988,
      0.15172311663627625,
      0.05606755241751671,
      0.5920947194099426,
      0.13115760684013367,
      1.003629207611084,
      0.19341512024402618,
      0.2052818387746811,
      0.16499735414981842,
      0.5362821221351624,
      0.5213412642478943,
      1.119490385055542,
      0.6461297869682312,
      11.372581380208333,
      15.404195785522461,
      -2.0911688804626465,
      0.08337471634149551,
      0.06935865432024002,
      0.06276772171258926,
      0.04124707728624344,
      0.08226905018091202,
      0.05807363614439964,
      0.04607027396559715,
      0.024874040856957436,
      0.04527909681200981,
      0.04070749133825302,
      0.05034394562244415,
      0.050612084567546844,
      0.10865923762321472,
      0.10467025637626648,
      0.08342436701059341,
      0.04826835170388222
    ]
  },
  "combined_feature_vector": [
    0.0,
    1.0,
    0.27728449913031855,
    0.3820448336941583,
    0.10330785124436678,
    0.35575077732846905,
    0.4384700184014867,
    0.1606353915031681,
    0.27295210275462556,
    0.05064921001287103,
    0.08424426330370831,
    0.10130308800114475,
    0.07046849901169214,
    0.0716843155327056,
    0.06446565970320077,
    0.03344999551239,
    0.0204282184966787,
    0.02056393164992766,
    0.07640040551093535,
    0.02102653660095201,
    0.0659995749592781,
    0.11028315871953964,
    0.2188630998134613,
    0.08111560344696045,
    0.11347668617963791,
    0.06834149360656738,
    0.2550564110279083,
    0.08686395734548569,
    0.1517183631658554,
    0.06011327728629112,
    0.5920690894126892,
    0.14981605112552643,
    1.003583550453186,
    0.22070950269699097,
    0.20532378554344177,
    0.11691716313362122,
    0.5363872051239014,
    0.24065539240837097,
    1.1197457313537598,
    0.4272218644618988,
    0.15172311663627625,
    0.05606755241751671,
    0.5920947194099426,
    0.13115760684013367,
    1.003629207611084,
    0.19341512024402618,
    0.2052818387746811,
    0.16499735414981842,
    0.5362821221351624,
    0.5213412642478943,
    1.119490385055542,
    0.6461297869682312,
    11.372581380208333,
    15.404195785522461,
    -2.0911688804626465,
    0.08337471634149551,
    0.06935865432024002,
    0.06276772171258926,
    0.04124707728624344,
    0.08226905018091202,
    0.05807363614439964,
    0.04607027396559715,
    0.024874040856957436,
    0.04527909681200981,
    0.04070749133825302,
    0.05034394562244415,
    0.050612084567546844,
    0.10865923762321472,
    0.10467025637626648,
    0.08342436701059341,
    0.04826835170388222
  ]
}